일자|시간|구분,공급량
2019-01-01 01 E,2571.13986965079
2019-01-01 02 E,2208.7630588745305
2019-01-01 03 E,1945.0791284880115
2019-01-01 04 E,2074.458375659528
2019-01-01 05 E,2308.6186854675093
2019-01-01 06 E,2445.581087471978
2019-01-01 07 E,2835.6730397231395
2019-01-01 08 E,3324.5938038575687
2019-01-01 09 E,3333.4284081799324
2019-01-01 10 E,3181.1127876860087
2019-01-01 11 E,3119.029367454066
2019-01-01 12 E,2864.9645975275507
2019-01-01 13 E,2628.137417390968
2019-01-01 14 E,2539.2370174653115
2019-01-01 15 E,2382.3204828637913
2019-01-01 16 E,2329.0306413604694
2019-01-01 17 E,2380.961615249338
2019-01-01 18 E,2759.197263695818
2019-01-01 19 E,3168.532929108739
2019-01-01 20 E,3330.499637737839
2019-01-01 21 E,3270.1625095718186
2019-01-01 22 E,3122.2846351193593
2019-01-01 23 E,3135.2914372697114
2019-01-01 24 E,3088.5108094452817
2019-01-02 01 E,2530.61248051409
2019-01-02 02 E,2151.234161071139
2019-01-02 03 E,1972.1054307500876
2019-01-02 04 E,2060.7781754613366
2019-01-02 05 E,2355.9899123500045
2019-01-02 06 E,2470.895651665815
2019-01-02 07 E,2841.626145378701
2019-01-02 08 E,3355.5764094022397
2019-01-02 09 E,3368.191438958822
2019-01-02 10 E,3214.095896010211
2019-01-02 11 E,3180.0599430791685
2019-01-02 12 E,2809.736303474989
2019-01-02 13 E,2611.1414618734307
2019-01-02 14 E,2483.118387918265
2019-01-02 15 E,2376.3045404547147
2019-01-02 16 E,2236.213201386959
2019-01-02 17 E,2311.4044945040273
2019-01-02 18 E,2641.957567074145
2019-01-02 19 E,3250.097679382087
2019-01-02 20 E,3416.343167031361
2019-01-02 21 E,3442.4776268193064
2019-01-02 22 E,3211.229541785122
2019-01-02 23 E,3253.956232931966
2019-01-02 24 E,3032.1733198678553
2019-01-03 01 E,2647.3592171426
2019-01-03 02 E,2223.2426438645266
2019-01-03 03 E,2040.0577084210763
2019-01-03 04 E,2004.5576359526135
2019-01-03 05 E,2336.6027240023736
2019-01-03 06 E,2466.614451542118
2019-01-03 07 E,2833.7599754895173
2019-01-03 08 E,3336.4854633263485
2019-01-03 09 E,3322.4518180412406
2019-01-03 10 E,3200.51589091611
2019-01-03 11 E,3099.9872511353205
2019-01-03 12 E,2763.687250935044
2019-01-03 13 E,2540.4463338592764
2019-01-03 14 E,2349.4393772616686
2019-01-03 15 E,2210.715900259937
2019-01-03 16 E,2224.4969757420654
2019-01-03 17 E,2321.0093117857778
2019-01-03 18 E,2678.062395008412
2019-01-03 19 E,3264.676046477056
2019-01-03 20 E,3417.4764685110295
2019-01-03 21 E,3434.72140667819
2019-01-03 22 E,3303.618701178283
2019-01-03 23 E,3106.7598935757887
2019-01-03 24 E,2956.344950405976
2019-01-04 01 E,2557.0653548902574
2019-01-04 02 E,2159.261519919817
2019-01-04 03 E,1959.0320863721265
2019-01-04 04 E,2022.0646835867938
2019-01-04 05 E,2281.5406534945873
2019-01-04 06 E,2422.5797017127297
2019-01-04 07 E,2779.9102313711
2019-01-04 08 E,3252.4206863985896
2019-01-04 09 E,3259.3767886897303
2019-01-04 10 E,3135.0154688564935
2019-01-04 11 E,3023.683519949637
2019-01-04 12 E,2679.427610956394
2019-01-04 13 E,2366.432028781527
2019-01-04 14 E,2229.0013696571777
2019-01-04 15 E,2081.6825291517894
2019-01-04 16 E,2108.150157332981
2019-01-04 17 E,2236.5954414766306
2019-01-04 18 E,2564.1291227490456
2019-01-04 19 E,2993.2440097217136
2019-01-04 20 E,3085.3465883210038
2019-01-04 21 E,3241.8723217228007
2019-01-04 22 E,3101.5912963037435
2019-01-04 23 E,3108.6402696253826
2019-01-04 24 E,2834.4901691084465
2019-01-05 01 E,2712.6679433304425
2019-01-05 02 E,2349.6761449129467
2019-01-05 03 E,2136.2280945990256
2019-01-05 04 E,2138.316442272985
2019-01-05 05 E,2344.8420988159933
2019-01-05 06 E,2441.0448596449723
2019-01-05 07 E,2566.556763647366
2019-01-05 08 E,2987.652112723763
2019-01-05 09 E,3168.5881955697314
2019-01-05 10 E,3238.01943375874
2019-01-05 11 E,3136.6998333826205
2019-01-05 12 E,2860.8283459363583
2019-01-05 13 E,2590.37376407746
2019-01-05 14 E,2479.456108519441
2019-01-05 15 E,2330.0656632765968
2019-01-05 16 E,2297.49529532241
2019-01-05 17 E,2402.2134608674082
2019-01-05 18 E,2655.9714612806115
2019-01-05 19 E,3075.2571289248
2019-01-05 20 E,3134.9160514249816
2019-01-05 21 E,3063.5265582198385
2019-01-05 22 E,2866.4547234272995
2019-01-05 23 E,2728.179056327504
2019-01-05 24 E,2632.535023975543
2019-01-06 01 E,2609.555645182637
2019-01-06 02 E,2241.1994852418247
2019-01-06 03 E,2076.0045462240305
2019-01-06 04 E,2101.9969988578123
2019-01-06 05 E,2297.9239912480334
2019-01-06 06 E,2387.9601483537404
2019-01-06 07 E,2514.9682160679868
2019-01-06 08 E,2946.9705264546365
2019-01-06 09 E,3073.324353847956
2019-01-06 10 E,3161.246620636204
2019-01-06 11 E,3095.034179137589
2019-01-06 12 E,2823.5862252651123
2019-01-06 13 E,2618.3250939203444
2019-01-06 14 E,2488.958405687925
2019-01-06 15 E,2364.6137667316225
2019-01-06 16 E,2306.018107433414
2019-01-06 17 E,2457.138637733009
2019-01-06 18 E,2812.4890151447553
2019-01-06 19 E,3242.871997337992
2019-01-06 20 E,3301.1494166723674
2019-01-06 21 E,3334.803948220386
2019-01-06 22 E,3217.792934207808
2019-01-06 23 E,3073.3240984241133
2019-01-06 24 E,2766.5945159406847
2019-01-07 01 E,2540.5591212016366
2019-01-07 02 E,2227.9893216038936
2019-01-07 03 E,2089.4970536322166
2019-01-07 04 E,2135.664011878185
2019-01-07 05 E,2401.6294365983354
2019-01-07 06 E,2631.022169255978
2019-01-07 07 E,3004.98447724196
2019-01-07 08 E,3455.8557197766013
2019-01-07 09 E,3478.5816694963164
2019-01-07 10 E,3279.308663888942
2019-01-07 11 E,3144.1398979593405
2019-01-07 12 E,2809.1446648222473
2019-01-07 13 E,2614.909731813911
2019-01-07 14 E,2472.1114243147726
2019-01-07 15 E,2326.3715702551194
2019-01-07 16 E,2285.2001777365904
2019-01-07 17 E,2386.8417078404195
2019-01-07 18 E,2682.5509205203134
2019-01-07 19 E,3108.967458685993
2019-01-07 20 E,3289.368901526219
2019-01-07 21 E,3326.47359744384
2019-01-07 22 E,3303.3708525902457
2019-01-07 23 E,3180.185508631129
2019-01-07 24 E,2996.380196897123
2019-01-08 01 E,2476.0220066622614
2019-01-08 02 E,2147.468636646978
2019-01-08 03 E,1956.2360183276683
2019-01-08 04 E,2062.966763120784
2019-01-08 05 E,2320.3612085606082
2019-01-08 06 E,2416.264446504355
2019-01-08 07 E,2786.415905709926
2019-01-08 08 E,3330.853895999743
2019-01-08 09 E,3238.366076679822
2019-01-08 10 E,3169.1416937683443
2019-01-08 11 E,3072.8314965590453
2019-01-08 12 E,2728.8265682817955
2019-01-08 13 E,2545.590001541223
2019-01-08 14 E,2499.7646387284694
2019-01-08 15 E,2347.0660543942167
2019-01-08 16 E,2311.1598191747585
2019-01-08 17 E,2366.323175938934
2019-01-08 18 E,2710.2040462971877
2019-01-08 19 E,3221.30971746828
2019-01-08 20 E,3419.112127409584
2019-01-08 21 E,3472.5221606229416
2019-01-08 22 E,3409.169433999935
2019-01-08 23 E,3240.186747818281
2019-01-08 24 E,3052.8697362708353
2019-01-09 01 E,2649.1557091263826
2019-01-09 02 E,2371.249758813102
2019-01-09 03 E,2158.504871126283
2019-01-09 04 E,2281.1754551083045
2019-01-09 05 E,2527.9849189343113
2019-01-09 06 E,2709.3814198568602
2019-01-09 07 E,3140.2739397252926
2019-01-09 08 E,3665.7267817214297
2019-01-09 09 E,3614.677246110228
2019-01-09 10 E,3333.486281389206
2019-01-09 11 E,3287.7743308993304
2019-01-09 12 E,2958.1166741183583
2019-01-09 13 E,2718.5321033403197
2019-01-09 14 E,2564.5652714866774
2019-01-09 15 E,2428.2603868412625
2019-01-09 16 E,2400.2925488699852
2019-01-09 17 E,2548.8579550604345
2019-01-09 18 E,2906.924200139075
2019-01-09 19 E,3393.335600560055
2019-01-09 20 E,3577.4715102763616
2019-01-09 21 E,3591.7301735869346
2019-01-09 22 E,3512.683141914089
2019-01-09 23 E,3398.9921131250603
2019-01-09 24 E,3207.434591485009
2019-01-10 01 E,2604.7560904030843
2019-01-10 02 E,2237.70578896617
2019-01-10 03 E,2092.0070604508273
2019-01-10 04 E,2121.292622795728
2019-01-10 05 E,2379.3729312174864
2019-01-10 06 E,2680.6834011716337
2019-01-10 07 E,3040.894556557986
2019-01-10 08 E,3539.0312076829864
2019-01-10 09 E,3427.8312527878074
2019-01-10 10 E,3275.909486562085
2019-01-10 11 E,3205.771984506001
2019-01-10 12 E,2996.0001063519535
2019-01-10 13 E,2736.528071467689
2019-01-10 14 E,2546.844623379071
2019-01-10 15 E,2416.2165276531396
2019-01-10 16 E,2388.424984195093
2019-01-10 17 E,2538.016393477341
2019-01-10 18 E,2878.3803296537662
2019-01-10 19 E,3371.55056889202
2019-01-10 20 E,3533.3125754998346
2019-01-10 21 E,3572.870604867195
2019-01-10 22 E,3496.6060347969287
2019-01-10 23 E,3332.156670984802
2019-01-10 24 E,3106.8733449752563
2019-01-11 01 E,2732.7195772870764
2019-01-11 02 E,2415.48738496477
2019-01-11 03 E,2215.0206108323036
2019-01-11 04 E,2298.5230740206507
2019-01-11 05 E,2672.7800627827182
2019-01-11 06 E,2856.0097085699035
2019-01-11 07 E,3217.6345905797775
2019-01-11 08 E,3698.1007677999387
2019-01-11 09 E,3646.197579425016
2019-01-11 10 E,3364.6939827495635
2019-01-11 11 E,3270.8797104220916
2019-01-11 12 E,3047.731023820059
2019-01-11 13 E,2861.967452070311
2019-01-11 14 E,2691.771373095584
2019-01-11 15 E,2568.2238153528797
2019-01-11 16 E,2548.5765149879153
2019-01-11 17 E,2676.156757965391
2019-01-11 18 E,2941.9288375093765
2019-01-11 19 E,3418.5775296617776
2019-01-11 20 E,3541.181061276627
2019-01-11 21 E,3529.6488828105885
2019-01-11 22 E,3376.7784693328135
2019-01-11 23 E,3181.0003427246675
2019-01-11 24 E,2941.6518340634616
2019-01-12 01 E,2755.843078436419
2019-01-12 02 E,2407.173636931292
2019-01-12 03 E,2246.185708124871
2019-01-12 04 E,2305.7228377522442
2019-01-12 05 E,2523.9504301083884
2019-01-12 06 E,2680.398598728427
2019-01-12 07 E,2797.478149866007
2019-01-12 08 E,3216.4059505108207
2019-01-12 09 E,3372.307518360704
2019-01-12 10 E,3421.8791964467882
2019-01-12 11 E,3401.0630807095763
2019-01-12 12 E,3183.83027718884
2019-01-12 13 E,2893.6685080436446
2019-01-12 14 E,2713.0951522549394
2019-01-12 15 E,2582.621569310828
2019-01-12 16 E,2560.597833686379
2019-01-12 17 E,2694.903664513199
2019-01-12 18 E,3044.0438067539035
2019-01-12 19 E,3446.4921702978963
2019-01-12 20 E,3433.844437197446
2019-01-12 21 E,3396.1895243858507
2019-01-12 22 E,3276.200615573685
2019-01-12 23 E,3097.4671564354885
2019-01-12 24 E,2941.3949438778964
2019-01-13 01 E,2641.059791365845
2019-01-13 02 E,2251.588556942187
2019-01-13 03 E,2186.8524714720515
2019-01-13 04 E,2213.330001769855
2019-01-13 05 E,2540.3832101653825
2019-01-13 06 E,2686.013893346547
2019-01-13 07 E,2776.553842960553
2019-01-13 08 E,3184.6565699570965
2019-01-13 09 E,3208.2573012187922
2019-01-13 10 E,3153.7466314081903
2019-01-13 11 E,3150.844476310913
2019-01-13 12 E,2974.0472133308604
2019-01-13 13 E,2757.7636229831096
2019-01-13 14 E,2647.3935782706644
2019-01-13 15 E,2597.2319343882464
2019-01-13 16 E,2568.828206823149
2019-01-13 17 E,2685.4323236946943
2019-01-13 18 E,2929.2768809302393
2019-01-13 19 E,3385.991650053311
2019-01-13 20 E,3474.2422955663815
2019-01-13 21 E,3337.803010677231
2019-01-13 22 E,3241.508325639702
2019-01-13 23 E,3052.5575683987654
2019-01-13 24 E,2802.7692587016727
2019-01-14 01 E,2463.6185085677917
2019-01-14 02 E,2128.9767529759433
2019-01-14 03 E,1957.5490260682734
2019-01-14 04 E,2042.978912776237
2019-01-14 05 E,2338.106354469201
2019-01-14 06 E,2586.5967080683918
2019-01-14 07 E,2953.9018233009374
2019-01-14 08 E,3474.03902096427
2019-01-14 09 E,3405.805900302088
2019-01-14 10 E,3255.9551165087796
2019-01-14 11 E,3227.080229026983
2019-01-14 12 E,2939.2100734955093
2019-01-14 13 E,2742.860906902427
2019-01-14 14 E,2579.581144736615
2019-01-14 15 E,2430.2841024390036
2019-01-14 16 E,2436.003061940839
2019-01-14 17 E,2557.2991630531023
2019-01-14 18 E,2889.4024339873417
2019-01-14 19 E,3372.390675264184
2019-01-14 20 E,3473.2362349768155
2019-01-14 21 E,3402.853895596397
2019-01-14 22 E,3426.529542844918
2019-01-14 23 E,3192.6269669215458
2019-01-14 24 E,2893.0661264268842
2019-01-15 01 E,2617.585895072575
2019-01-15 02 E,2246.51608403093
2019-01-15 03 E,2008.628685549545
2019-01-15 04 E,2039.3663875672362
2019-01-15 05 E,2336.434531200106
2019-01-15 06 E,2491.360226897368
2019-01-15 07 E,2858.0940372599016
2019-01-15 08 E,3336.1474274739066
2019-01-15 09 E,3356.0020715652163
2019-01-15 10 E,3197.9081465938107
2019-01-15 11 E,3103.917045361155
2019-01-15 12 E,2800.428616980006
2019-01-15 13 E,2613.944224030498
2019-01-15 14 E,2500.4359916093126
2019-01-15 15 E,2336.8291230264326
2019-01-15 16 E,2253.272246983378
2019-01-15 17 E,2356.640545567834
2019-01-15 18 E,2711.672270035726
2019-01-15 19 E,3238.347490525811
2019-01-15 20 E,3360.6714735308624
2019-01-15 21 E,3433.5855844923053
2019-01-15 22 E,3412.551172327128
2019-01-15 23 E,3497.197883932495
2019-01-15 24 E,3138.0602466809232
2019-01-16 01 E,2630.5498729083874
2019-01-16 02 E,2273.734841865716
2019-01-16 03 E,2089.240993690566
2019-01-16 04 E,2121.594403010636
2019-01-16 05 E,2343.554887477935
2019-01-16 06 E,2522.197887773461
2019-01-16 07 E,2848.3368164793187
2019-01-16 08 E,3349.5302463168427
2019-01-16 09 E,3335.5632649755034
2019-01-16 10 E,3102.9496481758424
2019-01-16 11 E,3006.0858744734037
2019-01-16 12 E,2706.4112814048467
2019-01-16 13 E,2486.096700202172
2019-01-16 14 E,2323.9429482913006
2019-01-16 15 E,2240.2244159847955
2019-01-16 16 E,2131.3529046753956
2019-01-16 17 E,2251.1030735448467
2019-01-16 18 E,2539.2866878242357
2019-01-16 19 E,3010.3514023698
2019-01-16 20 E,3219.009670852815
2019-01-16 21 E,3234.6742002205992
2019-01-16 22 E,3277.845806916681
2019-01-16 23 E,3181.480623724766
2019-01-16 24 E,2978.573990525404
2019-01-17 01 E,2470.3341092432534
2019-01-17 02 E,2134.151193402996
2019-01-17 03 E,1950.6104879105724
2019-01-17 04 E,2006.1201160349233
2019-01-17 05 E,2261.399452216414
2019-01-17 06 E,2437.1006080484085
2019-01-17 07 E,2804.5961256761675
2019-01-17 08 E,3284.282531574795
2019-01-17 09 E,3287.456098742219
2019-01-17 10 E,3131.374912827192
2019-01-17 11 E,3003.891468708146
2019-01-17 12 E,2698.8818437091018
2019-01-17 13 E,2527.255890608429
2019-01-17 14 E,2358.551727211725
2019-01-17 15 E,2251.529768148801
2019-01-17 16 E,2151.856280218153
2019-01-17 17 E,2295.797761301004
2019-01-17 18 E,2605.4194448897733
2019-01-17 19 E,3112.02302786861
2019-01-17 20 E,3203.1133038435273
2019-01-17 21 E,3255.174605467847
2019-01-17 22 E,3276.966051139579
2019-01-17 23 E,3190.857451694236
2019-01-17 24 E,2959.776982942384
2019-01-18 01 E,2609.852108993219
2019-01-18 02 E,2221.9868600430227
2019-01-18 03 E,2046.4231015904084
2019-01-18 04 E,2110.0047304923737
2019-01-18 05 E,2355.974711192077
2019-01-18 06 E,2563.5808957002546
2019-01-18 07 E,2917.0108614263618
2019-01-18 08 E,3465.917154906229
2019-01-18 09 E,3404.9732279544314
2019-01-18 10 E,3263.1788803905356
2019-01-18 11 E,3222.720019051985
2019-01-18 12 E,2954.352965750765
2019-01-18 13 E,2638.636552643608
2019-01-18 14 E,2492.8377428533086
2019-01-18 15 E,2388.3099450522213
2019-01-18 16 E,2330.369179879094
2019-01-18 17 E,2430.11031095639
2019-01-18 18 E,2736.0409419900425
2019-01-18 19 E,3298.1263560398634
2019-01-18 20 E,3416.271519879015
2019-01-18 21 E,3420.0680806998016
2019-01-18 22 E,3350.0738757955623
2019-01-18 23 E,3202.6995328196767
2019-01-18 24 E,2919.9973293457674
2019-01-19 01 E,2725.7058079385806
2019-01-19 02 E,2355.5084843604095
2019-01-19 03 E,2155.37515869478
2019-01-19 04 E,2144.5521233644663
2019-01-19 05 E,2443.3525117929516
2019-01-19 06 E,2534.8372536573424
2019-01-19 07 E,2644.874814284015
2019-01-19 08 E,3088.8381094953097
2019-01-19 09 E,3276.931405731574
2019-01-19 10 E,3295.0852410698226
2019-01-19 11 E,3322.7359086289543
2019-01-19 12 E,2986.924277364662
2019-01-19 13 E,2756.6156813087446
2019-01-19 14 E,2606.8023119041263
2019-01-19 15 E,2479.3815328332676
2019-01-19 16 E,2436.7112128247027
2019-01-19 17 E,2543.581023888672
2019-01-19 18 E,2869.902244614909
2019-01-19 19 E,3281.955299007176
2019-01-19 20 E,3361.8469665125767
2019-01-19 21 E,3256.6023058097135
2019-01-19 22 E,3168.1677384748077
2019-01-19 23 E,2965.786030821201
2019-01-19 24 E,2718.083408576746
2019-01-20 01 E,2642.6438586359686
2019-01-20 02 E,2298.9425810649223
2019-01-20 03 E,2110.232862077775
2019-01-20 04 E,2133.461745185297
2019-01-20 05 E,2366.349858196934
2019-01-20 06 E,2407.4572253829774
2019-01-20 07 E,2489.219106168698
2019-01-20 08 E,2854.4981429323843
2019-01-20 09 E,3092.6935971861935
2019-01-20 10 E,3111.2200504993034
2019-01-20 11 E,3155.1729472257693
2019-01-20 12 E,2899.3133831557543
2019-01-20 13 E,2746.9764791247017
2019-01-20 14 E,2622.636031394586
2019-01-20 15 E,2517.5664890786793
2019-01-20 16 E,2479.6654228487487
2019-01-20 17 E,2555.9535524275207
2019-01-20 18 E,2851.1734793769238
2019-01-20 19 E,3294.47241886802
2019-01-20 20 E,3344.868552438157
2019-01-20 21 E,3255.5161775896613
2019-01-20 22 E,3230.2386510816277
2019-01-20 23 E,3076.0947892488152
2019-01-20 24 E,2806.7076833028914
2019-01-21 01 E,2524.5779557067813
2019-01-21 02 E,2192.7378826196855
2019-01-21 03 E,1969.4575439266346
2019-01-21 04 E,2146.324700051704
2019-01-21 05 E,2346.175213016124
2019-01-21 06 E,2491.681702002734
2019-01-21 07 E,2875.3598815358773
2019-01-21 08 E,3399.110954508858
2019-01-21 09 E,3386.732219014682
2019-01-21 10 E,3225.4929120835495
2019-01-21 11 E,3219.3653709605414
2019-01-21 12 E,3010.3389758177054
2019-01-21 13 E,2778.6377754810874
2019-01-21 14 E,2588.8474571849492
2019-01-21 15 E,2447.9857064202056
2019-01-21 16 E,2396.3006221249234
2019-01-21 17 E,2529.8180281109526
2019-01-21 18 E,2847.8729181829112
2019-01-21 19 E,3377.0062711975397
2019-01-21 20 E,3498.837453409323
2019-01-21 21 E,3496.070364638257
2019-01-21 22 E,3436.981728152
2019-01-21 23 E,3221.1858884174285
2019-01-21 24 E,3000.397588531035
2019-01-22 01 E,2607.6907753792225
2019-01-22 02 E,2243.352257938785
2019-01-22 03 E,2049.831030033047
2019-01-22 04 E,2073.814562661076
2019-01-22 05 E,2322.2261988780965
2019-01-22 06 E,2510.21420218075
2019-01-22 07 E,2838.790543633796
2019-01-22 08 E,3311.6926662862006
2019-01-22 09 E,3355.2905146325384
2019-01-22 10 E,3208.3997043981817
2019-01-22 11 E,3154.11435934952
2019-01-22 12 E,2828.103753852356
2019-01-22 13 E,2479.824788978554
2019-01-22 14 E,2461.1268551534204
2019-01-22 15 E,2368.9695002372296
2019-01-22 16 E,2336.986517366114
2019-01-22 17 E,2351.5331555153657
2019-01-22 18 E,2737.055768439697
2019-01-22 19 E,3323.8954925298435
2019-01-22 20 E,3541.6568822357244
2019-01-22 21 E,3562.0514767973095
2019-01-22 22 E,3485.6680669259554
2019-01-22 23 E,3303.4064855986976
2019-01-22 24 E,3103.5522035917866
2019-01-23 01 E,2752.8787440284277
2019-01-23 02 E,2355.594410947366
2019-01-23 03 E,2161.2026384087058
2019-01-23 04 E,2233.665748036798
2019-01-23 05 E,2515.4977895609227
2019-01-23 06 E,2788.3633705242078
2019-01-23 07 E,3122.038509826726
2019-01-23 08 E,3622.203901375702
2019-01-23 09 E,3682.3331459053647
2019-01-23 10 E,3408.8558527548103
2019-01-23 11 E,3393.519328374632
2019-01-23 12 E,3084.9399832372883
2019-01-23 13 E,2983.0645009792056
2019-01-23 14 E,2847.818869713329
2019-01-23 15 E,2730.276972667132
2019-01-23 16 E,2727.7521270665106
2019-01-23 17 E,2824.2449785275207
2019-01-23 18 E,3157.634851126414
2019-01-23 19 E,3656.6439638655793
2019-01-23 20 E,3731.611304999477
2019-01-23 21 E,3759.2586275322433
2019-01-23 22 E,3730.612419257568
2019-01-23 23 E,3588.3100282716196
2019-01-23 24 E,3302.653745028658
2019-01-24 01 E,2956.4390953322577
2019-01-24 02 E,2436.759206177236
2019-01-24 03 E,2309.2324483001616
2019-01-24 04 E,2332.015239830569
2019-01-24 05 E,2627.201308172719
2019-01-24 06 E,2795.818462331484
2019-01-24 07 E,3182.8007345279148
2019-01-24 08 E,3643.528830659912
2019-01-24 09 E,3701.662190940504
2019-01-24 10 E,3410.3062868518223
2019-01-24 11 E,3371.8831225410922
2019-01-24 12 E,3095.744414892223
2019-01-24 13 E,2870.5510530301526
2019-01-24 14 E,2782.4144396357533
2019-01-24 15 E,2648.808509498198
2019-01-24 16 E,2639.4046637790007
2019-01-24 17 E,2752.449954398697
2019-01-24 18 E,3084.6810342598583
2019-01-24 19 E,3567.451236830524
2019-01-24 20 E,3685.9135694870038
2019-01-24 21 E,3740.8203766612287
2019-01-24 22 E,3735.853047324016
2019-01-24 23 E,3513.157805974087
2019-01-24 24 E,3352.177052017094
2019-01-25 01 E,3139.131406337532
2019-01-25 02 E,2655.179480751125
2019-01-25 03 E,2434.1632770315973
2019-01-25 04 E,2512.187972337058
2019-01-25 05 E,2778.355410251298
2019-01-25 06 E,2987.5203583365765
2019-01-25 07 E,3294.7343262051777
2019-01-25 08 E,3831.949002965659
2019-01-25 09 E,3850.5582111463623
2019-01-25 10 E,3415.8845995186493
2019-01-25 11 E,3287.2333710209314
2019-01-25 12 E,3094.132038330614
2019-01-25 13 E,2908.993042342211
2019-01-25 14 E,2851.1292043171943
2019-01-25 15 E,2727.5471183558784
2019-01-25 16 E,2681.2190634065305
2019-01-25 17 E,2762.9554462342107
2019-01-25 18 E,3052.046481399708
2019-01-25 19 E,3450.548248047613
2019-01-25 20 E,3622.121124743743
2019-01-25 21 E,3579.9027982908356
2019-01-25 22 E,3647.9981644819864
2019-01-25 23 E,3570.280908742032
2019-01-25 24 E,3191.7602233477064
2019-01-26 01 E,2871.8325050941557
2019-01-26 02 E,2518.8582936505077
2019-01-26 03 E,2345.7110984848287
2019-01-26 04 E,2371.621735341466
2019-01-26 05 E,2604.7860734960404
2019-01-26 06 E,2784.633579459162
2019-01-26 07 E,2843.8538661770053
2019-01-26 08 E,3262.4109893812
2019-01-26 09 E,3450.1134893392864
2019-01-26 10 E,3498.6288252496197
2019-01-26 11 E,3442.091717558038
2019-01-26 12 E,3175.0236811222353
2019-01-26 13 E,2945.5283140547417
2019-01-26 14 E,2731.902545485612
2019-01-26 15 E,2549.174214629041
2019-01-26 16 E,2504.143049585169
2019-01-26 17 E,2647.0691305330806
2019-01-26 18 E,3030.5227599040704
2019-01-26 19 E,3446.2483758889794
2019-01-26 20 E,3419.105431678012
2019-01-26 21 E,3399.516398883661
2019-01-26 22 E,3356.593081103535
2019-01-26 23 E,3136.7667645960328
2019-01-26 24 E,2945.7425001575893
2019-01-27 01 E,2709.398113359769
2019-01-27 02 E,2379.4855628646287
2019-01-27 03 E,2277.640130725092
2019-01-27 04 E,2320.7115460549135
2019-01-27 05 E,2592.0566631309075
2019-01-27 06 E,2806.4422435425677
2019-01-27 07 E,2780.191278428193
2019-01-27 08 E,3101.6028961023258
2019-01-27 09 E,3263.562454515907
2019-01-27 10 E,3196.557100753106
2019-01-27 11 E,3209.9555623028136
2019-01-27 12 E,3002.056702240885
2019-01-27 13 E,2862.441967089025
2019-01-27 14 E,2730.0125351550346
2019-01-27 15 E,2596.3375576364197
2019-01-27 16 E,2551.134237289955
2019-01-27 17 E,2695.0190903402263
2019-01-27 18 E,3039.28981488581
2019-01-27 19 E,3415.280086761045
2019-01-27 20 E,3415.656567826545
2019-01-27 21 E,3413.599489249628
2019-01-27 22 E,3358.9149821677356
2019-01-27 23 E,3142.0593097021883
2019-01-27 24 E,2912.943190637014
2019-01-28 01 E,2471.1442050343453
2019-01-28 02 E,2158.113622905581
2019-01-28 03 E,2001.387628065204
2019-01-28 04 E,2023.3993177244674
2019-01-28 05 E,2412.868507823103
2019-01-28 06 E,2608.8596722589627
2019-01-28 07 E,2979.7454892113537
2019-01-28 08 E,3448.842218189717
2019-01-28 09 E,3413.909513636024
2019-01-28 10 E,3199.54993525218
2019-01-28 11 E,3190.8807986118986
2019-01-28 12 E,3009.0324939920683
2019-01-28 13 E,2721.2887815650092
2019-01-28 14 E,2577.378702811541
2019-01-28 15 E,2452.5421236735847
2019-01-28 16 E,2356.24266428935
2019-01-28 17 E,2475.2279185405077
2019-01-28 18 E,2810.046595741438
2019-01-28 19 E,3337.2393619130285
2019-01-28 20 E,3440.9349065326314
2019-01-28 21 E,3428.833286757691
2019-01-28 22 E,3438.1699620399827
2019-01-28 23 E,3173.041313017271
2019-01-28 24 E,2940.95450177985
2019-01-29 01 E,2556.209139903116
2019-01-29 02 E,2240.3924277318965
2019-01-29 03 E,2042.039801961489
2019-01-29 04 E,2073.814562661076
2019-01-29 05 E,2322.2261988780965
2019-01-29 06 E,2461.8568219846666
2019-01-29 07 E,2820.1871090739105
2019-01-29 08 E,3307.3443909915923
2019-01-29 09 E,3352.376267440606
2019-01-29 10 E,3143.4077698626206
2019-01-29 11 E,3053.7907377020383
2019-01-29 12 E,2815.413381686991
2019-01-29 13 E,2587.2306610267756
2019-01-29 14 E,2475.54024354839
2019-01-29 15 E,2253.9179066479883
2019-01-29 16 E,2237.1200495921285
2019-01-29 17 E,2291.8473301829017
2019-01-29 18 E,2610.209699400731
2019-01-29 19 E,3086.743157937184
2019-01-29 20 E,3232.663799403285
2019-01-29 21 E,3217.988232059727
2019-01-29 22 E,3238.0912277920406
2019-01-29 23 E,3085.859792698151
2019-01-29 24 E,2870.0101380202277
2019-01-30 01 E,2414.184269734318
2019-01-30 02 E,2144.85657938573
2019-01-30 03 E,1949.5986290956723
2019-01-30 04 E,1992.7094101664188
2019-01-30 05 E,2263.1293253473464
2019-01-30 06 E,2477.691365071541
2019-01-30 07 E,2733.195897470384
2019-01-30 08 E,3262.362694951009
2019-01-30 09 E,3182.50236975792
2019-01-30 10 E,3057.244450092592
2019-01-30 11 E,2984.868033777888
2019-01-30 12 E,2765.897377901424
2019-01-30 13 E,2521.7494939819708
2019-01-30 14 E,2423.664804716348
2019-01-30 15 E,2279.7250816991677
2019-01-30 16 E,2230.66598306776
2019-01-30 17 E,2288.2222951590256
2019-01-30 18 E,2587.4517274393397
2019-01-30 19 E,3088.8268144635067
2019-01-30 20 E,3209.7163730367597
2019-01-30 21 E,3345.287875712783
2019-01-30 22 E,3375.377530779254
2019-01-30 23 E,3258.739714955279
2019-01-30 24 E,3138.028419394241
2019-01-31 01 E,2537.8652173982264
2019-01-31 02 E,2165.8728357368364
2019-01-31 03 E,2014.8394199956088
2019-01-31 04 E,2046.2629781333922
2019-01-31 05 E,2321.933262766342
2019-01-31 06 E,2445.6217997102617
2019-01-31 07 E,2846.333313839387
2019-01-31 08 E,3283.244829465114
2019-01-31 09 E,3400.125497640037
2019-01-31 10 E,3200.0017076225495
2019-01-31 11 E,3106.8785556437024
2019-01-31 12 E,2745.281756967738
2019-01-31 13 E,2574.482927757871
2019-01-31 14 E,2481.1724417160076
2019-01-31 15 E,2332.985543073692
2019-01-31 16 E,2257.4348719164072
2019-01-31 17 E,2304.0410146006993
2019-01-31 18 E,2611.5627796079248
2019-01-31 19 E,3099.7209836449647
2019-01-31 20 E,3232.2899479490834
2019-01-31 21 E,3294.3130183091457
2019-01-31 22 E,3434.623268543316
2019-01-31 23 E,3193.5136255496886
2019-01-31 24 E,2858.699776084455
2019-02-01 01 E,2476.102310882283
2019-02-01 02 E,2141.915053673363
2019-02-01 03 E,1958.2735374637487
2019-02-01 04 E,1965.7013678273129
2019-02-01 05 E,2257.920105833463
2019-02-01 06 E,2419.7498561937123
2019-02-01 07 E,2758.8893801224613
2019-02-01 08 E,3300.0177040406925
2019-02-01 09 E,3295.5897514511307
2019-02-01 10 E,3142.5481071900613
2019-02-01 11 E,3069.7605655928846
2019-02-01 12 E,2792.666348343566
2019-02-01 13 E,2507.0167852919935
2019-02-01 14 E,2389.043524475282
2019-02-01 15 E,2258.5473828569343
2019-02-01 16 E,2211.658796341959
2019-02-01 17 E,2243.7716325530687
2019-02-01 18 E,2525.5903362538947
2019-02-01 19 E,3097.455438765641
2019-02-01 20 E,3286.2181599238006
2019-02-01 21 E,3272.7733700965864
2019-02-01 22 E,3215.6681629181244
2019-02-01 23 E,3112.501745639229
2019-02-01 24 E,2920.611035413041
2019-02-02 01 E,2590.890386698602
2019-02-02 02 E,2199.1327992113506
2019-02-02 03 E,1997.6699144761421
2019-02-02 04 E,2043.5854201806133
2019-02-02 05 E,2224.267875099931
2019-02-02 06 E,2472.146494933105
2019-02-02 07 E,2654.9644894549124
2019-02-02 08 E,2990.387335448681
2019-02-02 09 E,3093.933694469456
2019-02-02 10 E,3128.0158493409463
2019-02-02 11 E,3099.088205132589
2019-02-02 12 E,2797.8452595784715
2019-02-02 13 E,2547.792990978798
2019-02-02 14 E,2406.8763405398263
2019-02-02 15 E,2247.9261389580743
2019-02-02 16 E,2199.3633643906414
2019-02-02 17 E,2260.8861820700513
2019-02-02 18 E,2591.6229275142414
2019-02-02 19 E,3088.4720301686957
2019-02-02 20 E,3120.221213771703
2019-02-02 21 E,3047.3981615142975
2019-02-02 22 E,2955.6981825862285
2019-02-02 23 E,2845.818252204863
2019-02-02 24 E,2701.413083585304
2019-02-03 01 E,2493.0073125599192
2019-02-03 02 E,2185.1007703862315
2019-02-03 03 E,2020.291845668553
2019-02-03 04 E,2039.6334992375912
2019-02-03 05 E,2242.9390408706213
2019-02-03 06 E,2451.6743971396163
2019-02-03 07 E,2542.416644520732
2019-02-03 08 E,2909.429820874326
2019-02-03 09 E,3078.835485687267
2019-02-03 10 E,3107.0648764652346
2019-02-03 11 E,3108.1570536930035
2019-02-03 12 E,2786.333801606821
2019-02-03 13 E,2639.708842613483
2019-02-03 14 E,2515.6112746553476
2019-02-03 15 E,2387.3741936269876
2019-02-03 16 E,2342.3838530819107
2019-02-03 17 E,2385.14696824154
2019-02-03 18 E,2704.0038676541662
2019-02-03 19 E,3212.657391247016
2019-02-03 20 E,3298.8646518098176
2019-02-03 21 E,3259.645212311991
2019-02-03 22 E,3146.7480856586444
2019-02-03 23 E,3000.3790631799748
2019-02-03 24 E,2792.1167088915136
2019-02-04 01 E,2448.3612478963028
2019-02-04 02 E,2106.1948794840123
2019-02-04 03 E,2027.2518894387958
2019-02-04 04 E,2068.6636722353924
2019-02-04 05 E,2364.5869532882907
2019-02-04 06 E,2566.8425342538
2019-02-04 07 E,2954.4332265260728
2019-02-04 08 E,3464.7228659168472
2019-02-04 09 E,3420.303522588157
2019-02-04 10 E,3204.3284439114577
2019-02-04 11 E,3180.349080252444
2019-02-04 12 E,2857.9149583590543
2019-02-04 13 E,2590.1083936927107
2019-02-04 14 E,2484.364182176945
2019-02-04 15 E,2341.600541903009
2019-02-04 16 E,2276.980990885993
2019-02-04 17 E,2360.480730679531
2019-02-04 18 E,2722.7239062639137
2019-02-04 19 E,3240.7969689315205
2019-02-04 20 E,3399.190415057339
2019-02-04 21 E,3384.806743492023
2019-02-04 22 E,3320.481647379758
2019-02-04 23 E,3272.698635747276
2019-02-04 24 E,3120.013036118017
2019-02-05 01 E,2740.470509298837
2019-02-05 02 E,2385.626012099926
2019-02-05 03 E,2176.205404554408
2019-02-05 04 E,2214.3702177452183
2019-02-05 05 E,2472.034112711802
2019-02-05 06 E,2691.680705775062
2019-02-05 07 E,3059.3519619563126
2019-02-05 08 E,3572.738808843814
2019-02-05 09 E,3533.1244276566604
2019-02-05 10 E,3306.0865629476402
2019-02-05 11 E,3209.5412327134536
2019-02-05 12 E,2876.467203126475
2019-02-05 13 E,2586.5671224576745
2019-02-05 14 E,2475.552262602723
2019-02-05 15 E,2364.322606722491
2019-02-05 16 E,2321.038743067656
2019-02-05 17 E,2378.082869972447
2019-02-05 18 E,2736.033266156359
2019-02-05 19 E,3271.0864786425755
2019-02-05 20 E,3473.5047528047053
2019-02-05 21 E,3496.974193011885
2019-02-05 22 E,3431.2481929450455
2019-02-05 23 E,3289.509909046361
2019-02-05 24 E,3113.798437301702
2019-02-06 01 E,2733.455368770833
2019-02-06 02 E,2315.4602887764313
2019-02-06 03 E,2107.45425745595
2019-02-06 04 E,2203.6189659885067
2019-02-06 05 E,2468.183538122577
2019-02-06 06 E,2632.50647138749
2019-02-06 07 E,3063.2638120679703
2019-02-06 08 E,3623.2519592580156
2019-02-06 09 E,3677.9223575279257
2019-02-06 10 E,3413.8609736093595
2019-02-06 11 E,3304.1850615264493
2019-02-06 12 E,2976.8623890209924
2019-02-06 13 E,2657.957376820418
2019-02-06 14 E,2534.320509314411
2019-02-06 15 E,2332.8956741231896
2019-02-06 16 E,2332.7123843051318
2019-02-06 17 E,2438.073517090882
2019-02-06 18 E,2804.309686711594
2019-02-06 19 E,3391.983970809982
2019-02-06 20 E,3599.220547388278
2019-02-06 21 E,3724.4638880483226
2019-02-06 22 E,3678.0290849733997
2019-02-06 23 E,3586.2721326417764
2019-02-06 24 E,3393.4644135094577
2019-02-07 01 E,2934.337551229011
2019-02-07 02 E,2444.480369076955
2019-02-07 03 E,2298.5327987952605
2019-02-07 04 E,2309.137626024424
2019-02-07 05 E,2641.610980769828
2019-02-07 06 E,2865.6098298695943
2019-02-07 07 E,3291.3241467994176
2019-02-07 08 E,3761.029599761141
2019-02-07 09 E,3647.2031845501915
2019-02-07 10 E,3397.863894155139
2019-02-07 11 E,3262.588466131161
2019-02-07 12 E,2948.429734409761
2019-02-07 13 E,2686.209821079123
2019-02-07 14 E,2534.8948117459413
2019-02-07 15 E,2324.19568176681
2019-02-07 16 E,2325.462324863224
2019-02-07 17 E,2381.0459509710063
2019-02-07 18 E,2738.251810608155
2019-02-07 19 E,3241.910347167961
2019-02-07 20 E,3412.9461063937842
2019-02-07 21 E,3536.6666550221867
2019-02-07 22 E,3535.5432198855765
2019-02-07 23 E,3466.2194314665094
2019-02-07 24 E,3338.9354515708237
2019-02-08 01 E,2801.1656887917215
2019-02-08 02 E,2383.661270418517
2019-02-08 03 E,2213.9089886010215
2019-02-08 04 E,2293.3379589801325
2019-02-08 05 E,2559.0446722403603
2019-02-08 06 E,2712.306394059511
2019-02-08 07 E,3100.6030841523016
2019-02-08 08 E,3575.9844443633706
2019-02-08 09 E,3499.2880339827484
2019-02-08 10 E,3327.879375155389
2019-02-08 11 E,3191.7286269586175
2019-02-08 12 E,2919.2704362676595
2019-02-08 13 E,2665.633720835025
2019-02-08 14 E,2528.563618631159
2019-02-08 15 E,2384.3734320079957
2019-02-08 16 E,2316.7940628346123
2019-02-08 17 E,2428.293703226759
2019-02-08 18 E,2777.3386285859347
2019-02-08 19 E,3257.233685834193
2019-02-08 20 E,3399.385082426418
2019-02-08 21 E,3515.187747436905
2019-02-08 22 E,3488.4722472287394
2019-02-08 23 E,3431.3588598027827
2019-02-08 24 E,3218.285381749404
2019-02-09 01 E,2807.8644532583735
2019-02-09 02 E,2405.1417638020193
2019-02-09 03 E,2168.990608787575
2019-02-09 04 E,2229.8154003731534
2019-02-09 05 E,2410.0353670142076
2019-02-09 06 E,2548.6352941114105
2019-02-09 07 E,2684.4355300149173
2019-02-09 08 E,3041.584103881903
2019-02-09 09 E,3242.893909609206
2019-02-09 10 E,3222.3095530135715
2019-02-09 11 E,3153.634272716993
2019-02-09 12 E,2827.480904673612
2019-02-09 13 E,2677.966639204761
2019-02-09 14 E,2673.8389918927114
2019-02-09 15 E,2496.552041530002
2019-02-09 16 E,2474.9704259162286
2019-02-09 17 E,2475.573412041577
2019-02-09 18 E,2752.1958296067787
2019-02-09 19 E,3141.62221455718
2019-02-09 20 E,3167.0863934509543
2019-02-09 21 E,3163.057278374333
2019-02-09 22 E,3071.6070722864347
2019-02-09 23 E,2961.0765269512895
2019-02-09 24 E,2832.358311108172
2019-02-10 01 E,2543.2824295143155
2019-02-10 02 E,2184.8890323841533
2019-02-10 03 E,2025.173310989143
2019-02-10 04 E,2035.7592927211572
2019-02-10 05 E,2274.195683824015
2019-02-10 06 E,2465.0101119117953
2019-02-10 07 E,2556.7349193095433
2019-02-10 08 E,2911.98334139893
2019-02-10 09 E,3015.1408386802773
2019-02-10 10 E,3056.611538883026
2019-02-10 11 E,3028.801022730878
2019-02-10 12 E,2698.815914930279
2019-02-10 13 E,2545.8087703488072
2019-02-10 14 E,2442.7534088859848
2019-02-10 15 E,2310.4566249560553
2019-02-10 16 E,2275.836145305199
2019-02-10 17 E,2343.252884277792
2019-02-10 18 E,2577.7783962286753
2019-02-10 19 E,3084.2754188514473
2019-02-10 20 E,3181.214758492496
2019-02-10 21 E,3139.768814259388
2019-02-10 22 E,3077.8145255204545
2019-02-10 23 E,2924.148170362545
2019-02-10 24 E,2752.183968458399
2019-02-11 01 E,2400.147492184504
2019-02-11 02 E,2048.7641328112713
2019-02-11 03 E,1914.585022305691
2019-02-11 04 E,1993.647047192652
2019-02-11 05 E,2292.8175832888946
2019-02-11 06 E,2475.728841682803
2019-02-11 07 E,2854.8463278706035
2019-02-11 08 E,3348.0975591023625
2019-02-11 09 E,3334.6477785405505
2019-02-11 10 E,3134.2910928945685
2019-02-11 11 E,3082.322663635223
2019-02-11 12 E,2687.12801049718
2019-02-11 13 E,2547.415527574922
2019-02-11 14 E,2416.5164530945503
2019-02-11 15 E,2251.915442577556
2019-02-11 16 E,2215.704025517605
2019-02-11 17 E,2254.0077073492316
2019-02-11 18 E,2574.3086819043847
2019-02-11 19 E,3083.0684074803403
2019-02-11 20 E,3273.1637614040337
2019-02-11 21 E,3294.0215641764944
2019-02-11 22 E,3220.8173019525716
2019-02-11 23 E,3093.310422914201
2019-02-11 24 E,2889.467694199451
2019-02-12 01 E,2602.676230424544
2019-02-12 02 E,2245.7683943681577
2019-02-12 03 E,2041.5179380101729
2019-02-12 04 E,2065.347791144644
2019-02-12 05 E,2320.643260014221
2019-02-12 06 E,2504.4206037331933
2019-02-12 07 E,2861.782141600424
2019-02-12 08 E,3350.9990653458462
2019-02-12 09 E,3377.608156934256
2019-02-12 10 E,3082.055242732007
2019-02-12 11 E,3009.613224852845
2019-02-12 12 E,2633.129907160246
2019-02-12 13 E,2456.709837830068
2019-02-12 14 E,2345.033115712643
2019-02-12 15 E,2202.607189175755
2019-02-12 16 E,2157.7438821508717
2019-02-12 17 E,2228.946219331439
2019-02-12 18 E,2558.947707741777
2019-02-12 19 E,3017.4079087988016
2019-02-12 20 E,3212.4325088943924
2019-02-12 21 E,3189.7625138711837
2019-02-12 22 E,3123.5777474731394
2019-02-12 23 E,3007.7201965885533
2019-02-12 24 E,2798.373314240477
2019-02-13 01 E,2411.075962855374
2019-02-13 02 E,2046.235640731659
2019-02-13 03 E,1861.224270119703
2019-02-13 04 E,1922.5680935821335
2019-02-13 05 E,2223.564669062788
2019-02-13 06 E,2391.414292213017
2019-02-13 07 E,2743.3225885141233
2019-02-13 08 E,3210.1229428051347
2019-02-13 09 E,3150.928228185434
2019-02-13 10 E,2898.7801866191003
2019-02-13 11 E,2824.104664739023
2019-02-13 12 E,2496.6116369608244
2019-02-13 13 E,2351.193811597371
2019-02-13 14 E,2235.908085727566
2019-02-13 15 E,2108.9655239499384
2019-02-13 16 E,2059.9405214311587
2019-02-13 17 E,2067.634019558328
2019-02-13 18 E,2363.9384050880053
2019-02-13 19 E,2823.93620624301
2019-02-13 20 E,3043.199501676603
2019-02-13 21 E,3025.181046203328
2019-02-13 22 E,2928.856989366888
2019-02-13 23 E,2813.897222225435
2019-02-13 24 E,2637.274425353081
2019-02-14 01 E,2341.315348161385
2019-02-14 02 E,2032.7147195560603
2019-02-14 03 E,1851.3817523216214
2019-02-14 04 E,1925.5407899888517
2019-02-14 05 E,2214.798786504104
2019-02-14 06 E,2393.0623218604223
2019-02-14 07 E,2760.7491930729557
2019-02-14 08 E,3239.0968914132927
2019-02-14 09 E,3185.2091838490032
2019-02-14 10 E,2963.7191744770685
2019-02-14 11 E,2851.431967978436
2019-02-14 12 E,2553.3444509622313
2019-02-14 13 E,2372.1086951625034
2019-02-14 14 E,2258.60466736587
2019-02-14 15 E,2092.5203582973213
2019-02-14 16 E,2069.3257889790525
2019-02-14 17 E,2141.5685070653903
2019-02-14 18 E,2403.3624841570577
2019-02-14 19 E,2971.146633014523
2019-02-14 20 E,3065.0364375055346
2019-02-14 21 E,3050.0115236789097
2019-02-14 22 E,3067.551913434688
2019-02-14 23 E,2987.7301033501117
2019-02-14 24 E,2805.824369590935
2019-02-15 01 E,2456.3113086198996
2019-02-15 02 E,2127.622405207678
2019-02-15 03 E,1913.281208201524
2019-02-15 04 E,1961.249445681843
2019-02-15 05 E,2236.261959511936
2019-02-15 06 E,2400.703074598039
2019-02-15 07 E,2753.470924353067
2019-02-15 08 E,3232.2633944046
2019-02-15 09 E,3198.788022494742
2019-02-15 10 E,2973.050531116745
2019-02-15 11 E,2821.757407165195
2019-02-15 12 E,2540.299628834713
2019-02-15 13 E,2363.5487621951343
2019-02-15 14 E,2202.7399920690655
2019-02-15 15 E,2109.8166007347886
2019-02-15 16 E,2063.530523348022
2019-02-15 17 E,2121.659840531641
2019-02-15 18 E,2371.0182540413593
2019-02-15 19 E,2887.926028834837
2019-02-15 20 E,3013.4043816148906
2019-02-15 21 E,2999.0077997286844
2019-02-15 22 E,3003.16302693166
2019-02-15 23 E,2949.6988607237636
2019-02-15 24 E,2787.093299828781
2019-02-16 01 E,2389.7072356010485
2019-02-16 02 E,2079.3319803988343
2019-02-16 03 E,1894.4137195732737
2019-02-16 04 E,1922.3252580339245
2019-02-16 05 E,2107.8996185438036
2019-02-16 06 E,2233.4595141041705
2019-02-16 07 E,2352.0460291996415
2019-02-16 08 E,2751.7390801382453
2019-02-16 09 E,2910.6908667318376
2019-02-16 10 E,2880.4269751881243
2019-02-16 11 E,2857.2679473809003
2019-02-16 12 E,2549.0239733576764
2019-02-16 13 E,2405.3915090863175
2019-02-16 14 E,2262.178205215709
2019-02-16 15 E,2124.2710700756115
2019-02-16 16 E,2079.095471301457
2019-02-16 17 E,2166.4940858744512
2019-02-16 18 E,2453.475503230955
2019-02-16 19 E,2903.3179228414374
2019-02-16 20 E,2939.841514826031
2019-02-16 21 E,2880.7887410173144
2019-02-16 22 E,2732.1619274289205
2019-02-16 23 E,2668.2354677046587
2019-02-16 24 E,2490.2142431098946
2019-02-17 01 E,2286.174327498322
2019-02-17 02 E,1943.9724952418014
2019-02-17 03 E,1786.1574728283626
2019-02-17 04 E,1845.7815953610425
2019-02-17 05 E,2040.4458214391034
2019-02-17 06 E,2161.6845092930284
2019-02-17 07 E,2258.979169332989
2019-02-17 08 E,2656.905842641918
2019-02-17 09 E,2802.2511840265956
2019-02-17 10 E,2833.81298225892
2019-02-17 11 E,2835.6933435689716
2019-02-17 12 E,2544.9934528204944
2019-02-17 13 E,2360.5986954974805
2019-02-17 14 E,2296.209806685115
2019-02-17 15 E,2185.927663836712
2019-02-17 16 E,2133.2020592165854
2019-02-17 17 E,2228.130736691613
2019-02-17 18 E,2463.0349702129074
2019-02-17 19 E,2946.220170633538
2019-02-17 20 E,3014.0804957019777
2019-02-17 21 E,2912.8093646655007
2019-02-17 22 E,2839.5922666338815
2019-02-17 23 E,2704.847660965007
2019-02-17 24 E,2508.9257531950134
2019-02-18 01 E,2256.190940470153
2019-02-18 02 E,1919.7841560742545
2019-02-18 03 E,1778.2230881443465
2019-02-18 04 E,1838.040189172762
2019-02-18 05 E,2135.001570096235
2019-02-18 06 E,2347.2652117002067
2019-02-18 07 E,2719.508040348187
2019-02-18 08 E,3197.19013487319
2019-02-18 09 E,3178.456537147276
2019-02-18 10 E,2961.3341628690514
2019-02-18 11 E,2879.16772030013
2019-02-18 12 E,2571.5739568230765
2019-02-18 13 E,2398.3149862238643
2019-02-18 14 E,2289.328484412936
2019-02-18 15 E,2168.999560905022
2019-02-18 16 E,2107.773410270182
2019-02-18 17 E,2177.4292345386248
2019-02-18 18 E,2440.5411838267564
2019-02-18 19 E,2986.5601250353457
2019-02-18 20 E,3111.463898687767
2019-02-18 21 E,3061.702659666691
2019-02-18 22 E,3016.1659007720605
2019-02-18 23 E,2954.763023510707
2019-02-18 24 E,2763.7415688703604
2019-02-19 01 E,2360.208078948751
2019-02-19 02 E,2049.713239382511
2019-02-19 03 E,1872.5489170734977
2019-02-19 04 E,1930.174679766662
2019-02-19 05 E,2216.811896653604
2019-02-19 06 E,2429.0058212304693
2019-02-19 07 E,2781.1767637611356
2019-02-19 08 E,3312.2095037292374
2019-02-19 09 E,3186.0035543888516
2019-02-19 10 E,2965.0266848948067
2019-02-19 11 E,2826.9349465361297
2019-02-19 12 E,2560.860546013638
2019-02-19 13 E,2364.4607806533113
2019-02-19 14 E,2284.6955495492944
2019-02-19 15 E,2159.8437548318875
2019-02-19 16 E,2101.0778137245975
2019-02-19 17 E,2153.450176171813
2019-02-19 18 E,2478.4805954294925
2019-02-19 19 E,2964.1831077581264
2019-02-19 20 E,3048.8821961125313
2019-02-19 21 E,3029.7336412290347
2019-02-19 22 E,3031.48253614434
2019-02-19 23 E,2931.0207297774223
2019-02-19 24 E,2693.9299260954717
2019-02-20 01 E,2386.5039947261093
2019-02-20 02 E,2045.2055375871896
2019-02-20 03 E,1856.2251669664822
2019-02-20 04 E,1923.976921686018
2019-02-20 05 E,2202.6327974546075
2019-02-20 06 E,2391.695222972906
2019-02-20 07 E,2758.5773099816156
2019-02-20 08 E,3267.508704754778
2019-02-20 09 E,3196.4490433541614
2019-02-20 10 E,2990.8860340307738
2019-02-20 11 E,2830.238253566431
2019-02-20 12 E,2549.731214821575
2019-02-20 13 E,2375.553168282979
2019-02-20 14 E,2271.175221099256
2019-02-20 15 E,2136.750978421249
2019-02-20 16 E,2045.5596600981658
2019-02-20 17 E,2122.7046117209156
2019-02-20 18 E,2415.619092965698
2019-02-20 19 E,2922.8921643958342
2019-02-20 20 E,3056.078080382744
2019-02-20 21 E,3118.766427319816
2019-02-20 22 E,3159.846533997401
2019-02-20 23 E,3032.247849156006
2019-02-20 24 E,2779.1276711309692
2019-02-21 01 E,2474.7735293643736
2019-02-21 02 E,2145.826522650295
2019-02-21 03 E,1964.8466479224994
2019-02-21 04 E,2030.5588981875499
2019-02-21 05 E,2284.155416437407
2019-02-21 06 E,2422.746602168847
2019-02-21 07 E,2779.8671670416543
2019-02-21 08 E,3264.626892465775
2019-02-21 09 E,3239.8684980536573
2019-02-21 10 E,3018.0221830957444
2019-02-21 11 E,2838.932697447521
2019-02-21 12 E,2594.700227389617
2019-02-21 13 E,2389.568252055324
2019-02-21 14 E,2262.3330507024907
2019-02-21 15 E,2127.4585837716854
2019-02-21 16 E,2067.3533199942985
2019-02-21 17 E,2131.0090686271697
2019-02-21 18 E,2456.677417593639
2019-02-21 19 E,2992.591234942714
2019-02-21 20 E,3121.3662081768935
2019-02-21 21 E,3152.2650386502437
2019-02-21 22 E,3191.770844365613
2019-02-21 23 E,3013.353405100738
2019-02-21 24 E,2781.460135351229
2019-02-22 01 E,2409.630557100097
2019-02-22 02 E,2040.7309775877648
2019-02-22 03 E,1884.8822383749086
2019-02-22 04 E,1917.291912920752
2019-02-22 05 E,2166.178560486718
2019-02-22 06 E,2333.3216447240957
2019-02-22 07 E,2679.62387666677
2019-02-22 08 E,3172.029430166182
2019-02-22 09 E,3129.7114452734677
2019-02-22 10 E,2879.73084818342
2019-02-22 11 E,2774.0831124693777
2019-02-22 12 E,2494.520430589068
2019-02-22 13 E,2306.2673425223893
2019-02-22 14 E,2232.4930658186713
2019-02-22 15 E,2125.853363311171
2019-02-22 16 E,2104.9006477556404
2019-02-22 17 E,2119.434526110942
2019-02-22 18 E,2358.4223080290276
2019-02-22 19 E,2934.558798828376
2019-02-22 20 E,3032.369038026569
2019-02-22 21 E,3013.699512306168
2019-02-22 22 E,3019.6861432314454
2019-02-22 23 E,2996.629937143787
2019-02-22 24 E,2794.1876839487954
2019-02-23 01 E,2413.9145473462936
2019-02-23 02 E,2072.7730308123005
2019-02-23 03 E,1879.6847665609837
2019-02-23 04 E,1900.6027361361516
2019-02-23 05 E,2130.394489984069
2019-02-23 06 E,2284.225983887677
2019-02-23 07 E,2403.5707975607547
2019-02-23 08 E,2783.327942561366
2019-02-23 09 E,2949.776906255252
2019-02-23 10 E,2904.7943780652067
2019-02-23 11 E,2844.612708902492
2019-02-23 12 E,2539.661537403965
2019-02-23 13 E,2342.0016518586967
2019-02-23 14 E,2254.915163795923
2019-02-23 15 E,2156.116455718753
2019-02-23 16 E,2092.057408532942
2019-02-23 17 E,2164.4757917613547
2019-02-23 18 E,2399.67530156822
2019-02-23 19 E,2846.1240766568326
2019-02-23 20 E,2861.755902600018
2019-02-23 21 E,2850.33083963793
2019-02-23 22 E,2789.967342436739
2019-02-23 23 E,2709.5682598566937
2019-02-23 24 E,2533.7985994206438
2019-02-24 01 E,2311.8460717908983
2019-02-24 02 E,1999.5655737006794
2019-02-24 03 E,1809.441821090569
2019-02-24 04 E,1866.9765530933932
2019-02-24 05 E,2104.7704337069567
2019-02-24 06 E,2239.5784632065506
2019-02-24 07 E,2251.2841621167945
2019-02-24 08 E,2607.6908119242216
2019-02-24 09 E,2824.807666538726
2019-02-24 10 E,2769.500686687741
2019-02-24 11 E,2766.3077677271103
2019-02-24 12 E,2506.5475145965765
2019-02-24 13 E,2313.6817602154233
2019-02-24 14 E,2257.2602731970073
2019-02-24 15 E,2163.435117453634
2019-02-24 16 E,2109.544041963762
2019-02-24 17 E,2180.869847566135
2019-02-24 18 E,2399.265453449236
2019-02-24 19 E,2871.945358311533
2019-02-24 20 E,2970.009676208091
2019-02-24 21 E,2902.272176130006
2019-02-24 22 E,2871.5286071810133
2019-02-24 23 E,2744.1238576248543
2019-02-24 24 E,2551.4113849188193
2019-02-25 01 E,2195.3868516617003
2019-02-25 02 E,1864.934469249494
2019-02-25 03 E,1742.341722085422
2019-02-25 04 E,1795.333790912559
2019-02-25 05 E,2100.22545465071
2019-02-25 06 E,2271.9977121406905
2019-02-25 07 E,2614.4019374491845
2019-02-25 08 E,3081.948744821825
2019-02-25 09 E,3066.6140947373497
2019-02-25 10 E,2815.337120976972
2019-02-25 11 E,2683.975612602101
2019-02-25 12 E,2403.2982362395974
2019-02-25 13 E,2162.69594088743
2019-02-25 14 E,2090.0660964771814
2019-02-25 15 E,1975.0839020609396
2019-02-25 16 E,1898.4133325377602
2019-02-25 17 E,1966.8083502480729
2019-02-25 18 E,2253.9259158352206
2019-02-25 19 E,2731.8494246654645
2019-02-25 20 E,2903.532092449105
2019-02-25 21 E,2913.987385086404
2019-02-25 22 E,2918.975799423808
2019-02-25 23 E,2784.3587109077484
2019-02-25 24 E,2547.6890120632265
2019-02-26 01 E,2207.00895402451
2019-02-26 02 E,1903.254943936208
2019-02-26 03 E,1740.1647572069419
2019-02-26 04 E,1785.2141099554983
2019-02-26 05 E,2069.143705285691
2019-02-26 06 E,2239.3645314219325
2019-02-26 07 E,2561.868660286258
2019-02-26 08 E,3044.215342170768
2019-02-26 09 E,2913.933018463059
2019-02-26 10 E,2692.0042125719015
2019-02-26 11 E,2584.0396691426013
2019-02-26 12 E,2306.920012151253
2019-02-26 13 E,2113.7564430312977
2019-02-26 14 E,2033.0577229401842
2019-02-26 15 E,1928.874192898621
2019-02-26 16 E,1863.9911783413227
2019-02-26 17 E,1941.1380771328586
2019-02-26 18 E,2196.410106481724
2019-02-26 19 E,2713.321037039861
2019-02-26 20 E,2838.3361531241226
2019-02-26 21 E,2860.5470976931383
2019-02-26 22 E,2864.430372778294
2019-02-26 23 E,2744.9403176985197
2019-02-26 24 E,2520.7431999682412
2019-02-27 01 E,2213.759087936077
2019-02-27 02 E,1893.8528333314262
2019-02-27 03 E,1718.906185636482
2019-02-27 04 E,1748.3719636467104
2019-02-27 05 E,2050.9335523403765
2019-02-27 06 E,2192.1868914130064
2019-02-27 07 E,2533.7941078404992
2019-02-27 08 E,2945.751018208346
2019-02-27 09 E,2916.3362043365178
2019-02-27 10 E,2699.0121917845863
2019-02-27 11 E,2600.7742105670263
2019-02-27 12 E,2303.743592035052
2019-02-27 13 E,2087.1519373990927
2019-02-27 14 E,2054.5898397962546
2019-02-27 15 E,1945.76474234222
2019-02-27 16 E,1891.935868285758
2019-02-27 17 E,1918.635622426489
2019-02-27 18 E,2162.1588896993217
2019-02-27 19 E,2671.4188777598456
2019-02-27 20 E,2798.010357637412
2019-02-27 21 E,2839.366147391573
2019-02-27 22 E,2832.5177609264356
2019-02-27 23 E,2709.830707599124
2019-02-27 24 E,2529.515023571276
2019-02-28 01 E,2189.155748312496
2019-02-28 02 E,1887.8302543346292
2019-02-28 03 E,1690.4625635795658
2019-02-28 04 E,1736.9156725813586
2019-02-28 05 E,2018.8455452786259
2019-02-28 06 E,2158.8062113217366
2019-02-28 07 E,2516.967856769412
2019-02-28 08 E,2927.2520042846973
2019-02-28 09 E,2890.4994723330155
2019-02-28 10 E,2650.6572561531375
2019-02-28 11 E,2537.584240265392
2019-02-28 12 E,2218.632666534794
2019-02-28 13 E,2120.0955622483903
2019-02-28 14 E,1995.6445827860098
2019-02-28 15 E,1897.8256988961577
2019-02-28 16 E,1824.1599383538028
2019-02-28 17 E,1902.5648385130353
2019-02-28 18 E,2174.350706673904
2019-02-28 19 E,2604.478570751786
2019-02-28 20 E,2766.4385286827946
2019-02-28 21 E,2742.5975153214645
2019-02-28 22 E,2722.1999422142544
2019-02-28 23 E,2643.540209621221
2019-02-28 24 E,2469.1084172918995
2019-03-01 01 E,1988.5852193018216
2019-03-01 02 E,1661.3374477679533
2019-03-01 03 E,1497.9099547558885
2019-03-01 04 E,1589.1443834373442
2019-03-01 05 E,1796.2145196185807
2019-03-01 06 E,1927.5542325701012
2019-03-01 07 E,2329.0036889707962
2019-03-01 08 E,2948.8985360502506
2019-03-01 09 E,2776.20112910425
2019-03-01 10 E,2553.5382630750455
2019-03-01 11 E,2379.979302206885
2019-03-01 12 E,2064.2113521280467
2019-03-01 13 E,1932.8089907584076
2019-03-01 14 E,1874.9420221907874
2019-03-01 15 E,1736.4139196287697
2019-03-01 16 E,1660.8848947444178
2019-03-01 17 E,1744.7400153865788
2019-03-01 18 E,2005.649872545253
2019-03-01 19 E,2425.6903612227043
2019-03-01 20 E,2698.6886092339732
2019-03-01 21 E,2748.103784410814
2019-03-01 22 E,2748.1221348516374
2019-03-01 23 E,2624.833443602055
2019-03-01 24 E,2448.691748342373
2019-03-02 01 E,2122.6122933139595
2019-03-02 02 E,1802.6760836367173
2019-03-02 03 E,1626.3035845665722
2019-03-02 04 E,1691.1965038791734
2019-03-02 05 E,1925.2915103969312
2019-03-02 06 E,2061.540368280531
2019-03-02 07 E,2194.639502787033
2019-03-02 08 E,2592.137717250018
2019-03-02 09 E,2664.307117312813
2019-03-02 10 E,2603.221848581351
2019-03-02 11 E,2483.860935089561
2019-03-02 12 E,2176.5511094840413
2019-03-02 13 E,2026.1452555387214
2019-03-02 14 E,1914.3206506779673
2019-03-02 15 E,1738.4516607029063
2019-03-02 16 E,1702.933828708041
2019-03-02 17 E,1769.8501303679288
2019-03-02 18 E,2006.7801151973836
2019-03-02 19 E,2407.798179960271
2019-03-02 20 E,2544.0445030443952
2019-03-02 21 E,2517.5421827671044
2019-03-02 22 E,2498.1748714112987
2019-03-02 23 E,2406.510362288608
2019-03-02 24 E,2252.683437647825
2019-03-03 01 E,1916.4734080579165
2019-03-03 02 E,1590.7406087009426
2019-03-03 03 E,1436.5275907404273
2019-03-03 04 E,1408.35990889074
2019-03-03 05 E,1637.7539615166706
2019-03-03 06 E,1749.8352084777082
2019-03-03 07 E,1870.2129075181551
2019-03-03 08 E,2229.4464793032307
2019-03-03 09 E,2282.9273262396173
2019-03-03 10 E,2243.192677512633
2019-03-03 11 E,2192.721961459963
2019-03-03 12 E,1925.8134616309635
2019-03-03 13 E,1781.0164932639336
2019-03-03 14 E,1692.5280632439467
2019-03-03 15 E,1569.2447221481114
2019-03-03 16 E,1545.314967096907
2019-03-03 17 E,1543.7254131356167
2019-03-03 18 E,1769.3753609245396
2019-03-03 19 E,2148.7773423575463
2019-03-03 20 E,2312.075736170448
2019-03-03 21 E,2259.437107556673
2019-03-03 22 E,2213.2072782007244
2019-03-03 23 E,2072.2309353378896
2019-03-03 24 E,1935.1566624045784
2019-03-04 01 E,1654.3501515373762
2019-03-04 02 E,1380.015624268911
2019-03-04 03 E,1267.381005505099
2019-03-04 04 E,1288.6338413386334
2019-03-04 05 E,1572.9907228386728
2019-03-04 06 E,1834.7872066538773
2019-03-04 07 E,2248.14024643587
2019-03-04 08 E,2676.80213460002
2019-03-04 09 E,2512.2872879329598
2019-03-04 10 E,2250.6297202027235
2019-03-04 11 E,2092.1718386770935
2019-03-04 12 E,1827.0687169705534
2019-03-04 13 E,1676.7303185608482
2019-03-04 14 E,1606.4139015821752
2019-03-04 15 E,1452.2502520802548
2019-03-04 16 E,1394.5874711862944
2019-03-04 17 E,1408.3791311089237
2019-03-04 18 E,1623.7583317708184
2019-03-04 19 E,1983.0167761273951
2019-03-04 20 E,2248.9976715176754
2019-03-04 21 E,2221.97519564223
2019-03-04 22 E,2272.080687580092
2019-03-04 23 E,2154.6299106251768
2019-03-04 24 E,2004.7205446894282
2019-03-05 01 E,1834.5247693104054
2019-03-05 02 E,1566.0667886306605
2019-03-05 03 E,1388.4745767643233
2019-03-05 04 E,1432.621800388227
2019-03-05 05 E,1687.3022472570879
2019-03-05 06 E,1866.6075101502097
2019-03-05 07 E,2263.4226861866805
2019-03-05 08 E,2761.4189332526194
2019-03-05 09 E,2556.1905240330407
2019-03-05 10 E,2287.9149049245893
2019-03-05 11 E,2201.7978254449768
2019-03-05 12 E,1893.5873709602847
2019-03-05 13 E,1757.5618690214458
2019-03-05 14 E,1646.1540040583811
2019-03-05 15 E,1506.4647826341416
2019-03-05 16 E,1435.5840331170036
2019-03-05 17 E,1470.4243573350489
2019-03-05 18 E,1756.7437120952575
2019-03-05 19 E,2216.8103097259823
2019-03-05 20 E,2484.6541577493117
2019-03-05 21 E,2473.6889282368466
2019-03-05 22 E,2496.2009315930745
2019-03-05 23 E,2353.2808057579055
2019-03-05 24 E,2190.6439162602123
2019-03-06 01 E,1941.80574641163
2019-03-06 02 E,1645.1070069960838
2019-03-06 03 E,1461.6313721887507
2019-03-06 04 E,1505.0254418907607
2019-03-06 05 E,1776.773629670893
2019-03-06 06 E,1891.250395305599
2019-03-06 07 E,2274.924821689159
2019-03-06 08 E,2768.9203659548207
2019-03-06 09 E,2604.042073269119
2019-03-06 10 E,2370.156921459957
2019-03-06 11 E,2255.3472426759454
2019-03-06 12 E,1998.6297243179083
2019-03-06 13 E,1798.6655388529628
2019-03-06 14 E,1729.1911112490068
2019-03-06 15 E,1543.1962945067626
2019-03-06 16 E,1525.5821658610232
2019-03-06 17 E,1545.265244297849
2019-03-06 18 E,1841.4939861699834
2019-03-06 19 E,2245.49687367983
2019-03-06 20 E,2491.628455424649
2019-03-06 21 E,2573.7088763742395
2019-03-06 22 E,2579.3141061930846
2019-03-06 23 E,2474.536580830262
2019-03-06 24 E,2288.4666443065275
2019-03-07 01 E,1995.4089790251949
2019-03-07 02 E,1624.493641760443
2019-03-07 03 E,1460.016399260652
2019-03-07 04 E,1490.2600860099735
2019-03-07 05 E,1746.87777657014
2019-03-07 06 E,1911.351640176139
2019-03-07 07 E,2305.3369698620295
2019-03-07 08 E,2802.2325199949537
2019-03-07 09 E,2636.6060514945366
2019-03-07 10 E,2366.3169616173127
2019-03-07 11 E,2258.278710503668
2019-03-07 12 E,1985.8272750628678
2019-03-07 13 E,1776.5498479276293
2019-03-07 14 E,1637.2332235837941
2019-03-07 15 E,1500.553394857073
2019-03-07 16 E,1426.108577559893
2019-03-07 17 E,1510.4868549606267
2019-03-07 18 E,1727.7488208504942
2019-03-07 19 E,2195.9812489138194
2019-03-07 20 E,2477.4926917566036
2019-03-07 21 E,2520.407779855297
2019-03-07 22 E,2565.3433350534615
2019-03-07 23 E,2477.117572490877
2019-03-07 24 E,2308.6883603335577
2019-03-08 01 E,2007.1667781421431
2019-03-08 02 E,1685.9528466232812
2019-03-08 03 E,1503.875899769663
2019-03-08 04 E,1563.772344112535
2019-03-08 05 E,1797.748457138384
2019-03-08 06 E,1972.2991852916075
2019-03-08 07 E,2363.4719216514695
2019-03-08 08 E,2865.4576772614155
2019-03-08 09 E,2698.3913907014417
2019-03-08 10 E,2378.9610406525635
2019-03-08 11 E,2259.6247217146547
2019-03-08 12 E,1991.7039121538965
2019-03-08 13 E,1779.976109720958
2019-03-08 14 E,1709.7659432480032
2019-03-08 15 E,1544.536350210126
2019-03-08 16 E,1495.642346794559
2019-03-08 17 E,1534.553136524973
2019-03-08 18 E,1851.170202363462
2019-03-08 19 E,2296.331000752105
2019-03-08 20 E,2549.9577645564214
2019-03-08 21 E,2556.3750829879136
2019-03-08 22 E,2555.0593681532528
2019-03-08 23 E,2535.397722296505
2019-03-08 24 E,2406.114574577411
2019-03-09 01 E,2037.5831984980296
2019-03-09 02 E,1721.4737466795225
2019-03-09 03 E,1561.3101223907356
2019-03-09 04 E,1589.2502173342891
2019-03-09 05 E,1763.5331147380698
2019-03-09 06 E,1832.252846343499
2019-03-09 07 E,1973.625347305282
2019-03-09 08 E,2383.0091587953757
2019-03-09 09 E,2432.528928469187
2019-03-09 10 E,2379.3502504540634
2019-03-09 11 E,2295.7864332531726
2019-03-09 12 E,2058.220887889713
2019-03-09 13 E,1875.1689024682642
2019-03-09 14 E,1752.8470513400603
2019-03-09 15 E,1618.4443211430944
2019-03-09 16 E,1598.3714725749817
2019-03-09 17 E,1631.2849496062559
2019-03-09 18 E,1902.5231040019644
2019-03-09 19 E,2281.2113131518563
2019-03-09 20 E,2442.951137649816
2019-03-09 21 E,2396.188790405806
2019-03-09 22 E,2422.5825985816628
2019-03-09 23 E,2353.0910181114455
2019-03-09 24 E,2235.0154924206463
2019-03-10 01 E,2102.9721985796227
2019-03-10 02 E,1773.0673324137751
2019-03-10 03 E,1625.9066541129414
2019-03-10 04 E,1652.2501416204184
2019-03-10 05 E,1865.9536242572383
2019-03-10 06 E,1977.4442907944572
2019-03-10 07 E,2074.4098309516366
2019-03-10 08 E,2426.262193629079
2019-03-10 09 E,2528.8340327927804
2019-03-10 10 E,2502.7941511338945
2019-03-10 11 E,2403.735138720792
2019-03-10 12 E,2126.2698029371145
2019-03-10 13 E,1988.645078573115
2019-03-10 14 E,1855.3103642153405
2019-03-10 15 E,1731.803163674811
2019-03-10 16 E,1710.5056890773094
2019-03-10 17 E,1787.7360460124528
2019-03-10 18 E,2027.8955459067631
2019-03-10 19 E,2461.360631289362
2019-03-10 20 E,2663.93673978276
2019-03-10 21 E,2630.4313036565163
2019-03-10 22 E,2580.682661461662
2019-03-10 23 E,2475.513529834412
2019-03-10 24 E,2305.125680547724
2019-03-11 01 E,1845.279387505242
2019-03-11 02 E,1535.8953053944144
2019-03-11 03 E,1374.3447253193717
2019-03-11 04 E,1433.0961752695207
2019-03-11 05 E,1701.2638404363386
2019-03-11 06 E,1906.507333798168
2019-03-11 07 E,2321.4675363379642
2019-03-11 08 E,2814.6460713324614
2019-03-11 09 E,2663.4060826571745
2019-03-11 10 E,2383.22398441797
2019-03-11 11 E,2242.570957473332
2019-03-11 12 E,1972.3506902236459
2019-03-11 13 E,1819.4918592358024
2019-03-11 14 E,1689.83573814585
2019-03-11 15 E,1550.3757640564615
2019-03-11 16 E,1476.3200047114321
2019-03-11 17 E,1549.9472191064908
2019-03-11 18 E,1792.177220546457
2019-03-11 19 E,2247.116943692671
2019-03-11 20 E,2517.980661853759
2019-03-11 21 E,2531.077466314542
2019-03-11 22 E,2505.331060807729
2019-03-11 23 E,2407.9997753749276
2019-03-11 24 E,2241.8765269029122
2019-03-12 01 E,1813.0089104099218
2019-03-12 02 E,1521.763912695753
2019-03-12 03 E,1359.7096701454216
2019-03-12 04 E,1417.7902546802354
2019-03-12 05 E,1691.7887060802677
2019-03-12 06 E,1885.8755013691643
2019-03-12 07 E,2221.7653343561265
2019-03-12 08 E,2703.3085949553247
2019-03-12 09 E,2496.5468836799137
2019-03-12 10 E,2272.9565112320847
2019-03-12 11 E,2168.9733926377535
2019-03-12 12 E,1874.2548901285204
2019-03-12 13 E,1692.0425566047736
2019-03-12 14 E,1598.9286534351522
2019-03-12 15 E,1458.0383231682517
2019-03-12 16 E,1432.669003096054
2019-03-12 17 E,1446.6332997417937
2019-03-12 18 E,1724.7747072386355
2019-03-12 19 E,2172.5552291078984
2019-03-12 20 E,2383.0849660551885
2019-03-12 21 E,2454.9333305309456
2019-03-12 22 E,2421.6171174592696
2019-03-12 23 E,2348.5373672976903
2019-03-12 24 E,2172.427878925718
2019-03-13 01 E,1686.7321594338448
2019-03-13 02 E,1428.6936593776952
2019-03-13 03 E,1271.0861626751698
2019-03-13 04 E,1308.1977796001781
2019-03-13 05 E,1536.657905348151
2019-03-13 06 E,1741.523707055199
2019-03-13 07 E,2114.2488188657194
2019-03-13 08 E,2552.8463009411867
2019-03-13 09 E,2394.3174630028843
2019-03-13 10 E,2110.998942944345
2019-03-13 11 E,1952.9627647533912
2019-03-13 12 E,1744.4310127291549
2019-03-13 13 E,1598.7858913081438
2019-03-13 14 E,1487.2018413727565
2019-03-13 15 E,1352.1339714274982
2019-03-13 16 E,1285.5250346651644
2019-03-13 17 E,1366.967560737413
2019-03-13 18 E,1596.7667408165812
2019-03-13 19 E,2005.561086389314
2019-03-13 20 E,2230.649466808346
2019-03-13 21 E,2270.156136227652
2019-03-13 22 E,2300.5920090634777
2019-03-13 23 E,2143.659496853915
2019-03-13 24 E,2013.5849023843562
2019-03-14 01 E,1671.4750299506852
2019-03-14 02 E,1334.2559521571727
2019-03-14 03 E,1217.419752271643
2019-03-14 04 E,1270.6155504248625
2019-03-14 05 E,1501.4393616725622
2019-03-14 06 E,1710.2492236062185
2019-03-14 07 E,2083.307000504573
2019-03-14 08 E,2524.8520793633625
2019-03-14 09 E,2391.173918617412
2019-03-14 10 E,2093.5512328372583
2019-03-14 11 E,1978.8384360698951
2019-03-14 12 E,1752.6288791955
2019-03-14 13 E,1604.3361793674196
2019-03-14 14 E,1480.657962454598
2019-03-14 15 E,1330.8384213066074
2019-03-14 16 E,1276.1597150046443
2019-03-14 17 E,1357.7936175790928
2019-03-14 18 E,1578.8894274056047
2019-03-14 19 E,2007.354213316107
2019-03-14 20 E,2192.343682130565
2019-03-14 21 E,2262.0356797154395
2019-03-14 22 E,2249.429139695832
2019-03-14 23 E,2157.029079824839
2019-03-14 24 E,2038.5358807656708
2019-03-15 01 E,1676.7446789817197
2019-03-15 02 E,1344.1436813209675
2019-03-15 03 E,1221.3061337293966
2019-03-15 04 E,1258.722158876223
2019-03-15 05 E,1498.1320592032264
2019-03-15 06 E,1633.247980705352
2019-03-15 07 E,2018.3541164024853
2019-03-15 08 E,2496.428356959441
2019-03-15 09 E,2331.7365064622127
2019-03-15 10 E,2068.8447975800837
2019-03-15 11 E,1922.217334013029
2019-03-15 12 E,1714.753731045806
2019-03-15 13 E,1510.5137822786023
2019-03-15 14 E,1428.5381760548207
2019-03-15 15 E,1287.7080959711989
2019-03-15 16 E,1256.1158472641669
2019-03-15 17 E,1281.8269237018803
2019-03-15 18 E,1523.9167607373251
2019-03-15 19 E,1914.6095985057134
2019-03-15 20 E,2157.3823382029727
2019-03-15 21 E,2144.1851022417995
2019-03-15 22 E,2183.037619233955
2019-03-15 23 E,2089.350421250914
2019-03-15 24 E,1962.1743310793306
2019-03-16 01 E,1719.1740266603128
2019-03-16 02 E,1394.4462069504957
2019-03-16 03 E,1212.5064732044311
2019-03-16 04 E,1233.8927331673997
2019-03-16 05 E,1398.7327365196015
2019-03-16 06 E,1531.3261374774306
2019-03-16 07 E,1676.0207557331119
2019-03-16 08 E,2005.9472282984102
2019-03-16 09 E,2107.192997453411
2019-03-16 10 E,2038.303244018301
2019-03-16 11 E,1921.5133685538046
2019-03-16 12 E,1692.4537179900399
2019-03-16 13 E,1561.4681282483484
2019-03-16 14 E,1517.3492650236312
2019-03-16 15 E,1398.8113701399684
2019-03-16 16 E,1331.0099242687763
2019-03-16 17 E,1301.2674533650484
2019-03-16 18 E,1499.1020747228922
2019-03-16 19 E,1844.424610291801
2019-03-16 20 E,1956.2951108936786
2019-03-16 21 E,1973.1976099164099
2019-03-16 22 E,1944.518708970436
2019-03-16 23 E,1896.103498865254
2019-03-16 24 E,1785.367109950309
2019-03-17 01 E,1589.8320785725916
2019-03-17 02 E,1258.2939306710095
2019-03-17 03 E,1089.6230516996643
2019-03-17 04 E,1125.1867814570433
2019-03-17 05 E,1349.244677243016
2019-03-17 06 E,1412.16384364681
2019-03-17 07 E,1524.272613517349
2019-03-17 08 E,1869.585100196522
2019-03-17 09 E,1862.8474493530548
2019-03-17 10 E,1834.249610851306
2019-03-17 11 E,1729.0839145639902
2019-03-17 12 E,1575.4970680371518
2019-03-17 13 E,1507.9544306140474
2019-03-17 14 E,1451.1142578981373
2019-03-17 15 E,1339.7002165602446
2019-03-17 16 E,1283.502523653718
2019-03-17 17 E,1339.7587509265766
2019-03-17 18 E,1468.587095229411
2019-03-17 19 E,1814.9423895548275
2019-03-17 20 E,2004.3225316165049
2019-03-17 21 E,1960.2532074087292
2019-03-17 22 E,1894.1199048276142
2019-03-17 23 E,1797.6317996982275
2019-03-17 24 E,1648.2679967411243
2019-03-18 01 E,1387.8384032108029
2019-03-18 02 E,1103.3108053164378
2019-03-18 03 E,979.8041747254637
2019-03-18 04 E,1082.5616586940378
2019-03-18 05 E,1357.257240810518
2019-03-18 06 E,1525.078290888395
2019-03-18 07 E,1893.0692029611123
2019-03-18 08 E,2345.0735517664707
2019-03-18 09 E,2049.383801185013
2019-03-18 10 E,1846.5296144098054
2019-03-18 11 E,1729.8755510718095
2019-03-18 12 E,1553.300699136677
2019-03-18 13 E,1429.9257389518139
2019-03-18 14 E,1373.1490942420714
2019-03-18 15 E,1242.2369573247543
2019-03-18 16 E,1171.437468223841
2019-03-18 17 E,1223.1643226740173
2019-03-18 18 E,1433.0636129188401
2019-03-18 19 E,1742.791556395016
2019-03-18 20 E,2040.5996874104735
2019-03-18 21 E,2070.940541552087
2019-03-18 22 E,2059.7349964744503
2019-03-18 23 E,1971.018813260277
2019-03-18 24 E,1861.5343928628017
2019-03-19 01 E,1482.6144615004482
2019-03-19 02 E,1189.7648332479637
2019-03-19 03 E,1080.0335595161703
2019-03-19 04 E,1160.8319106048086
2019-03-19 05 E,1389.535153287363
2019-03-19 06 E,1550.4388329339638
2019-03-19 07 E,1896.901464603949
2019-03-19 08 E,2340.902051326399
2019-03-19 09 E,2089.930953355336
2019-03-19 10 E,1836.1137017724468
2019-03-19 11 E,1713.3080826289454
2019-03-19 12 E,1521.5088024584168
2019-03-19 13 E,1453.009765337138
2019-03-19 14 E,1392.6396041658656
2019-03-19 15 E,1257.2166034654686
2019-03-19 16 E,1170.312919132274
2019-03-19 17 E,1206.4220957787081
2019-03-19 18 E,1426.9976437231815
2019-03-19 19 E,1765.4700232551618
2019-03-19 20 E,2021.464665706942
2019-03-19 21 E,2068.4510577446313
2019-03-19 22 E,2071.3326047771616
2019-03-19 23 E,1985.2270790125945
2019-03-19 24 E,1860.2483979601154
2019-03-20 01 E,1559.102195608049
2019-03-20 02 E,1295.3422402279004
2019-03-20 03 E,1128.7839447473473
2019-03-20 04 E,1219.5957039246327
2019-03-20 05 E,1385.4967643636264
2019-03-20 06 E,1534.432576523407
2019-03-20 07 E,1938.7122665668658
2019-03-20 08 E,2397.9246563823845
2019-03-20 09 E,2149.8705489175163
2019-03-20 10 E,1921.8540377199822
2019-03-20 11 E,1820.8965637124898
2019-03-20 12 E,1589.353542920667
2019-03-20 13 E,1473.5259265069164
2019-03-20 14 E,1458.5627392722165
2019-03-20 15 E,1332.853100090902
2019-03-20 16 E,1256.8054420951225
2019-03-20 17 E,1228.828098435213
2019-03-20 18 E,1473.0881823119269
2019-03-20 19 E,1903.152148962663
2019-03-20 20 E,2087.392361580846
2019-03-20 21 E,2170.3981778358193
2019-03-20 22 E,2133.348985204287
2019-03-20 23 E,2088.4410461549837
2019-03-20 24 E,1936.1992820822193
2019-03-21 01 E,1670.6173588042357
2019-03-21 02 E,1393.5128704399547
2019-03-21 03 E,1237.285782129488
2019-03-21 04 E,1275.9828640410155
2019-03-21 05 E,1500.8557876922314
2019-03-21 06 E,1718.8354081827597
2019-03-21 07 E,2050.806636003341
2019-03-21 08 E,2527.366162881767
2019-03-21 09 E,2301.1558897620134
2019-03-21 10 E,2038.3498956179565
2019-03-21 11 E,1901.3040226392893
2019-03-21 12 E,1696.3461320614115
2019-03-21 13 E,1498.4382469087707
2019-03-21 14 E,1421.3125642670684
2019-03-21 15 E,1319.0512276764605
2019-03-21 16 E,1248.5677362465922
2019-03-21 17 E,1264.8383479399536
2019-03-21 18 E,1545.2672190474207
2019-03-21 19 E,1936.4113386500892
2019-03-21 20 E,2182.1501968982648
2019-03-21 21 E,2170.065481314926
2019-03-21 22 E,2216.285970446712
2019-03-21 23 E,2118.1155488377913
2019-03-21 24 E,1945.5058071966805
2019-03-22 01 E,1669.341988828764
2019-03-22 02 E,1337.9798118098786
2019-03-22 03 E,1221.7559330971753
2019-03-22 04 E,1263.0362500314443
2019-03-22 05 E,1503.0909900931695
2019-03-22 06 E,1654.8310351076414
2019-03-22 07 E,2032.5326297427416
2019-03-22 08 E,2508.4710877639754
2019-03-22 09 E,2321.228640009201
2019-03-22 10 E,2056.3424154929185
2019-03-22 11 E,1921.1648648682503
2019-03-22 12 E,1711.87241486014
2019-03-22 13 E,1509.4077985036754
2019-03-22 14 E,1428.314848725739
2019-03-22 15 E,1292.7822078847216
2019-03-22 16 E,1255.8908442245802
2019-03-22 17 E,1287.6643020952938
2019-03-22 18 E,1542.4983090471667
2019-03-22 19 E,1938.261687072431
2019-03-22 20 E,2178.105117870816
2019-03-22 21 E,2239.143711023304
2019-03-22 22 E,2217.429092866585
2019-03-22 23 E,2117.3602057813614
2019-03-22 24 E,2026.2395424035449
2019-03-23 01 E,1731.84814664458
2019-03-23 02 E,1400.716754360775
2019-03-23 03 E,1270.0647207638683
2019-03-23 04 E,1316.4521955253133
2019-03-23 05 E,1494.332560645884
2019-03-23 06 E,1589.5113807368912
2019-03-23 07 E,1696.4401573852897
2019-03-23 08 E,2062.315213074492
2019-03-23 09 E,2141.8011225751507
2019-03-23 10 E,2101.4865990994717
2019-03-23 11 E,2012.006915936643
2019-03-23 12 E,1814.6003160572554
2019-03-23 13 E,1609.7352350964047
2019-03-23 14 E,1562.17638564417
2019-03-23 15 E,1416.3620088296466
2019-03-23 16 E,1369.660823858592
2019-03-23 17 E,1391.1316872793707
2019-03-23 18 E,1604.977284843306
2019-03-23 19 E,1964.0843690870504
2019-03-23 20 E,2086.27087530003
2019-03-23 21 E,2122.3679824380956
2019-03-23 22 E,2070.4213509227493
2019-03-23 23 E,1932.8120209152498
2019-03-23 24 E,1868.4330344121868
2019-03-24 01 E,1676.2283888476568
2019-03-24 02 E,1381.7243383731638
2019-03-24 03 E,1251.0759903142136
2019-03-24 04 E,1281.931654871475
2019-03-24 05 E,1477.8271539215257
2019-03-24 06 E,1551.7471187560798
2019-03-24 07 E,1610.3903063498958
2019-03-24 08 E,1926.8228156165876
2019-03-24 09 E,2057.410356473057
2019-03-24 10 E,2011.070385540594
2019-03-24 11 E,1908.3475083426304
2019-03-24 12 E,1688.0209243129616
2019-03-24 13 E,1583.666152312763
2019-03-24 14 E,1519.8675682688759
2019-03-24 15 E,1391.6910382380308
2019-03-24 16 E,1338.8999124011293
2019-03-24 17 E,1390.566668179717
2019-03-24 18 E,1618.1753616494057
2019-03-24 19 E,2001.7245088838072
2019-03-24 20 E,2169.0958045447787
2019-03-24 21 E,2109.6294017226382
2019-03-24 22 E,2077.9334829894656
2019-03-24 23 E,1917.3007845268683
2019-03-24 24 E,1788.9107703690763
2019-03-25 01 E,1456.609722827901
2019-03-25 02 E,1176.8745809427933
2019-03-25 03 E,1107.2150273201912
2019-03-25 04 E,1159.0186185949601
2019-03-25 05 E,1404.647521042515
2019-03-25 06 E,1593.4806661095436
2019-03-25 07 E,1959.0141227829263
2019-03-25 08 E,2392.4157488389483
2019-03-25 09 E,2164.970824382562
2019-03-25 10 E,1922.1456686931676
2019-03-25 11 E,1807.8483660694592
2019-03-25 12 E,1617.4376962569231
2019-03-25 13 E,1507.5427792633525
2019-03-25 14 E,1415.5251043279618
2019-03-25 15 E,1286.0232652417108
2019-03-25 16 E,1213.6028089933743
2019-03-25 17 E,1268.0730386899852
2019-03-25 18 E,1500.3642671177886
2019-03-25 19 E,1896.6997340795542
2019-03-25 20 E,2071.140487893202
2019-03-25 21 E,2113.55525790833
2019-03-25 22 E,2124.0746708593697
2019-03-25 23 E,1991.7016648401388
2019-03-25 24 E,1901.2559226886651
2019-03-26 01 E,1559.6030472003022
2019-03-26 02 E,1253.6032626842218
2019-03-26 03 E,1071.4546991003488
2019-03-26 04 E,1128.747761414446
2019-03-26 05 E,1362.7717956102738
2019-03-26 06 E,1549.733293336557
2019-03-26 07 E,1902.9530846637313
2019-03-26 08 E,2354.663603189236
2019-03-26 09 E,2118.371108673482
2019-03-26 10 E,1864.5426737852542
2019-03-26 11 E,1723.6773983334413
2019-03-26 12 E,1546.0463947910284
2019-03-26 13 E,1434.1846540755575
2019-03-26 14 E,1379.3224349534817
2019-03-26 15 E,1251.5208929619314
2019-03-26 16 E,1175.7142176404795
2019-03-26 17 E,1231.522959749392
2019-03-26 18 E,1384.3581984239004
2019-03-26 19 E,1711.2315174852079
2019-03-26 20 E,2020.3494992300202
2019-03-26 21 E,2038.2233033033003
2019-03-26 22 E,2037.1961487487872
2019-03-26 23 E,1956.558357103114
2019-03-26 24 E,1832.6596720156865
2019-03-27 01 E,1541.354739255839
2019-03-27 02 E,1272.473716920635
2019-03-27 03 E,1123.2204645362935
2019-03-27 04 E,1149.0734312294373
2019-03-27 05 E,1371.1252364272634
2019-03-27 06 E,1577.9234404480042
2019-03-27 07 E,1908.6267647869772
2019-03-27 08 E,2340.8304254839427
2019-03-27 09 E,2134.836023636057
2019-03-27 10 E,1846.7111622205236
2019-03-27 11 E,1723.9963728771133
2019-03-27 12 E,1546.4072061729319
2019-03-27 13 E,1425.7453970289337
2019-03-27 14 E,1367.381218042879
2019-03-27 15 E,1238.443542262899
2019-03-27 16 E,1167.7158221525071
2019-03-27 17 E,1187.3749496467321
2019-03-27 18 E,1372.5187928673092
2019-03-27 19 E,1698.4296870964251
2019-03-27 20 E,1992.1152258177137
2019-03-27 21 E,2007.8796535281385
2019-03-27 22 E,1987.3959221331775
2019-03-27 23 E,1880.1658973196293
2019-03-27 24 E,1806.3574289403211
2019-03-28 01 E,1446.9598516481103
2019-03-28 02 E,1155.1461494114376
2019-03-28 03 E,999.9808011865064
2019-03-28 04 E,1041.3172689199398
2019-03-28 05 E,1273.6412496497708
2019-03-28 06 E,1460.900321169726
2019-03-28 07 E,1774.6748991009067
2019-03-28 08 E,2196.851650692948
2019-03-28 09 E,1958.571191032947
2019-03-28 10 E,1706.9031009548435
2019-03-28 11 E,1620.6003674316598
2019-03-28 12 E,1462.4789866178387
2019-03-28 13 E,1382.5756078862669
2019-03-28 14 E,1323.2293292301017
2019-03-28 15 E,1200.3883474328868
2019-03-28 16 E,1130.4672995047167
2019-03-28 17 E,1144.4311687640813
2019-03-28 18 E,1372.081113193286
2019-03-28 19 E,1637.6923679193872
2019-03-28 20 E,1806.6848156921071
2019-03-28 21 E,1839.7441249424733
2019-03-28 22 E,1934.5842120621046
2019-03-28 23 E,1806.2776852827565
2019-03-28 24 E,1719.6375550675077
2019-03-29 01 E,1391.2387152530234
2019-03-29 02 E,1137.262260156328
2019-03-29 03 E,988.8679274722917
2019-03-29 04 E,1030.4225553234996
2019-03-29 05 E,1250.6098555327485
2019-03-29 06 E,1433.706111211092
2019-03-29 07 E,1746.5106694684134
2019-03-29 08 E,2181.4279644437056
2019-03-29 09 E,1967.1102336744366
2019-03-29 10 E,1764.286740712294
2019-03-29 11 E,1628.8863130966456
2019-03-29 12 E,1515.6633221569878
2019-03-29 13 E,1387.6324842720012
2019-03-29 14 E,1370.563767974113
2019-03-29 15 E,1242.0774992240222
2019-03-29 16 E,1153.6195610329469
2019-03-29 17 E,1168.9148524900604
2019-03-29 18 E,1396.3606109894201
2019-03-29 19 E,1667.3814621078313
2019-03-29 20 E,1828.8495865889897
2019-03-29 21 E,1917.972161387173
2019-03-29 22 E,1878.7798380968713
2019-03-29 23 E,1789.1299712371015
2019-03-29 24 E,1682.5444786362168
2019-03-30 01 E,1432.6944194888017
2019-03-30 02 E,1147.148748311942
2019-03-30 03 E,993.7251937964295
2019-03-30 04 E,1050.7829924339999
2019-03-30 05 E,1223.309119104446
2019-03-30 06 E,1289.103659700276
2019-03-30 07 E,1390.208585481666
2019-03-30 08 E,1662.0327953045942
2019-03-30 09 E,1727.7480411476295
2019-03-30 10 E,1654.4942387845451
2019-03-30 11 E,1645.3701360278155
2019-03-30 12 E,1494.1311125578982
2019-03-30 13 E,1421.9679994929397
2019-03-30 14 E,1316.692897164995
2019-03-30 15 E,1188.4183117740758
2019-03-30 16 E,1088.0960675505978
2019-03-30 17 E,1174.4218179399677
2019-03-30 18 E,1299.094910312569
2019-03-30 19 E,1593.1790223212256
2019-03-30 20 E,1689.8821088678906
2019-03-30 21 E,1693.665654643876
2019-03-30 22 E,1717.2988529077008
2019-03-30 23 E,1598.367325262232
2019-03-30 24 E,1537.522334632985
2019-03-31 01 E,1380.432016100322
2019-03-31 02 E,1091.8008313175837
2019-03-31 03 E,958.4735134881166
2019-03-31 04 E,993.649608295028
2019-03-31 05 E,1156.407579852273
2019-03-31 06 E,1232.846677918861
2019-03-31 07 E,1310.7982122228686
2019-03-31 08 E,1602.2989008774125
2019-03-31 09 E,1684.5734412333954
2019-03-31 10 E,1616.203462954525
2019-03-31 11 E,1586.5771368278652
2019-03-31 12 E,1470.9539723063258
2019-03-31 13 E,1363.2586805007645
2019-03-31 14 E,1295.639280057089
2019-03-31 15 E,1214.7341092520785
2019-03-31 16 E,1102.522316714273
2019-03-31 17 E,1189.8618540503635
2019-03-31 18 E,1342.842981351489
2019-03-31 19 E,1666.0440917273365
2019-03-31 20 E,1745.736216601776
2019-03-31 21 E,1727.3711964677955
2019-03-31 22 E,1779.705715843906
2019-03-31 23 E,1638.810724793101
2019-03-31 24 E,1509.339327508274
